,docno,qid,label
0,h0fk7yhs,1,5
1,jfbtjg83,1,2
2,2a51n8ym,1,3
3,cnxgsmvk,1,2
4,1qbklvqy,1,5
5,m4sp9sjn,1,3
6,wmmbkmrg,1,2
7,dognow0r,1,3
8,qdld7hdc,1,5
9,ngby52hd,1,5
10,cgl34ykt,1,5
11,68eblcke,1,4
12,q5cg6ulp,1,5
13,qgrhh3r4,1,4
14,kf5cr7h1,1,2
15,0bwxcij3,1,3
16,ttyo4z6f,1,4
17,x8hp66yh,1,2
18,kwa16zoy,1,3
19,ix4k0rkt,1,4
20,dg10rf2f,1,5
21,lbhghilo,1,2
22,synm1cyw,1,5
23,l8aa9cl3,1,2
24,pci4rhkn,1,2
25,9lef54l5,1,5
26,5aym41p5,1,5
27,x7wva1ax,1,3
28,wi055syt,1,4
29,nf27fe01,1,4
30,d37u3qbd,1,3
31,ggtxuulg,1,4
32,5e1xn7kj,1,2
33,v4i9vujm,1,3
34,b3ncc3kh,1,2
35,svnqfi51,1,2
36,lqqsxhfl,1,5
37,cdek0oee,1,3
38,80uhkmny,1,2
39,gnz96tzj,1,5
40,644lf8vn,1,3
41,hd12p867,1,4
42,0b08jyjs,1,2
43,5gglmx9d,1,5
44,zuvy8htp,1,5
45,kcstk4vq,1,4
46,ff2zadol,1,4
47,qlwzl5mq,1,3
48,l565gha4,1,3
49,utmt5sva,1,2
50,tkjkjd7w,1,3
51,0bv4f0yt,1,5
52,zec9pnet,1,5
53,rd0g5j55,1,3
54,v5surcw0,1,2
55,3gj754dq,1,2
56,4rqoenhr,1,2
57,0dddrh4e,1,2
58,zi7m3eto,1,4
59,ey5xmb8a,1,2
60,fw6q4qpq,1,1
61,mpfmam46,1,3
62,corvd5cs,1,2
63,2ffnuc8f,1,3
64,l22gfc6r,1,1
65,7qr964zy,1,1
66,sphe2ely,1,1
67,baugu1gh,1,1
68,i34vmfpp,1,2
69,7krf1yxz,1,1
70,6c86edkc,1,3
71,ltbqowhv,1,1
72,1nni3vhm,1,1
73,npijn7co,1,1
74,a7oqm956,1,1
75,unotv53r,1,2
76,vtefe9q0,1,1
77,ohd9y2fz,1,3
78,thmdw6oj,1,1
79,0ec2xunt,1,3
80,mdej7nhj,1,3
81,stgri6y6,1,1
82,6egbde5x,1,2
83,yggoeu00,1,1
84,7s25wc6p,1,2
85,0nb4laxz,1,1
86,wtnf340p,1,1
87,ibkx4lcy,1,2
88,0nrkugxs,1,1
89,s50g754b,1,1
90,v6lycc7k,1,1
91,c95tamvw,1,3
92,lpf9lpky,1,1
93,ssrs0cwf,1,3
94,x2ykm7gq,1,2
95,j3w0f8oq,1,1
96,dt5zvebj,1,2
97,v3548bfn,1,3
98,9ahn4q88,1,3
99,duimy7rl,1,1
100,e1n8o9cj,2,2
101,gdocdp1x,2,4
102,v4i9vujm,2,4
103,b0tlco4t,2,5
104,b7wp0gqn,2,5
105,j5mo1hyk,2,5
106,5x6xw8l4,2,2
107,5aym41p5,2,3
108,3d3yxp9q,2,3
109,36bfeoqv,2,4
110,vc4gw5ko,2,2
111,nzh87aux,2,4
112,4wg1aryz,2,5
113,5sucu1cg,2,3
114,tr0gn3tm,2,4
115,qwrdr92h,2,4
116,3u77cp37,2,2
117,uj4ymadl,2,3
118,3dgjv0x1,2,4
119,1gd006zy,2,5
120,ss1435el,2,4
121,n950aw6u,2,2
122,8zchiykl,2,2
123,5l48fvx2,2,3
124,03c9rx3o,2,5
125,bmdnqgvu,2,4
126,9y9k8db7,2,4
127,p6a3j6mr,2,5
128,0iyeir9w,2,4
129,hx4pznuj,2,3
130,z5p3a64x,2,5
131,x418k36z,2,2
132,d2mb2b3d,2,4
133,pccw41s5,2,2
134,mx4t6s6n,2,2
135,1jcwfu8n,2,4
136,a3tammig,2,4
137,mcxkifh6,2,3
138,4hpmfcs8,2,2
139,pnareltx,2,4
140,o13leezl,2,3
141,suzhg1yd,2,5
142,hyg0464p,2,3
143,ujprjy7c,2,4
144,moln6ues,2,5
145,1tcpaigw,2,2
146,8r8z0otz,2,4
147,soc2aui9,2,5
148,yxrokwgu,2,5
149,isrb4y3p,2,5
150,a9f6hh7t,2,4
151,wv68dc3g,2,3
152,t579ysgl,2,3
153,e1yzrc6n,2,3
154,uylgyhs8,2,5
155,gssdjsrx,2,2
156,x4owsq6f,2,4
157,66kuahlb,2,4
158,942634t2,2,4
159,c4vpg8sw,2,2
160,b0tlco4t,2,3
161,vlns6j0j,2,2
162,wnuqe66q,2,3
163,baxxcyji,2,3
164,kf6cwx9k,2,2
165,7ip36gt1,2,3
166,gcjgfasj,2,2
167,sdy70r7d,2,1
168,ftxq9g7h,2,2
169,dgeisr8h,2,2
170,b8yfoffx,2,2
171,wifs97yy,2,3
172,0oa4x05s,2,2
173,ruofur0a,2,2
174,ukzpcmhs,2,3
175,9b6yz3f4,2,1
176,vhvwxvwq,2,1
177,4y5mnok8,2,1
178,3bpcf28i,2,2
179,vmmlxr0o,2,1
180,d4rq1du1,2,2
181,95wawgu8,2,1
182,x80cs5bc,2,2
183,een0sj15,2,3
184,y2nhss9u,2,2
185,h0ivbolt,2,2
186,nycqanco,2,2
187,vn3gkugz,2,1
188,b35wm2db,2,3
189,gnj4kzg6,2,2
190,pkntgn17,2,1
191,upwe0cpj,2,3
192,2obbo57z,2,3
193,algzczs8,2,2
194,w6gtskt3,2,2
195,ujprjy7c,2,2
196,umvrwgaw,2,2
197,emmwsv9p,2,2
198,isyjyqjj,2,2
199,yujp9zpx,2,2
200,67uvov5k,3,3
201,8ljgxnhf,3,5
202,3raox8db,3,3
203,mcxkifh6,3,2
204,58czem0j,3,2
205,bxbmcntf,3,3
206,w70or31z,3,3
207,zbogocki,3,5
208,104sqoxz,3,2
209,zwfxnd7r,3,3
210,j1x7js5z,3,4
211,moln6ues,3,3
212,lvlbwcl0,3,5
213,c5i7bzz4,3,4
214,yggoeu00,3,5
215,zizfgz7d,3,4
216,0nm7wgf5,3,5
217,rq08bhu9,3,4
218,kx7z79pf,3,2
219,e7b1guwq,3,5
220,rnvh9ut8,3,3
221,3uf8v1wm,3,4
222,8t6rsvqz,3,3
223,e794dmbm,3,3
224,acneu8n7,3,2
225,bz4rr6bh,3,2
226,hgx0bfbz,3,5
227,pp8kmpz7,3,2
228,z716py0g,3,3
229,xmjzgqq7,3,2
230,fmgpemja,3,2
231,2nb26vqx,3,3
232,uvfppirt,3,2
233,06o7pa3d,3,2
234,wecjrlex,3,3
235,y6zpvw84,3,5
236,sccd23l3,3,5
237,bxeoso4k,3,3
238,eermgk02,3,3
239,644lf8vn,3,3
240,ertnvzwk,3,4
241,gklyk0me,3,3
242,ysbnv3fb,3,5
243,3opdptw5,3,5
244,36gbl7tu,3,3
245,ctpgylnr,3,5
246,utglk4af,3,3
247,mmd8ru3r,3,5
248,t1anr8gd,3,2
249,cys40jvv,3,3
250,w6gtskt3,3,4
251,v5surcw0,3,3
252,01wsevuu,3,3
253,k5g8ebqg,3,5
254,cijyfa4j,3,4
255,bxigtyao,3,4
256,ttyo4z6f,3,2
257,d498qj2b,3,3
258,c4vpg8sw,3,3
259,t0ij21io,3,3
260,m2fsrwvw,3,1
261,3zevsk0w,3,3
262,1y34xsxk,3,1
263,6fwb59sr,3,3
264,pnqlkgdj,3,2
265,k0p166fr,3,2
266,vrnonccy,3,1
267,ody77u5n,3,2
268,5eqdrd52,3,2
269,r8m6cgv8,3,3
270,fa7s7xj5,3,1
271,hkc4vbmj,3,3
272,tfcerilc,3,3
273,j36voasl,3,1
274,vhvwxvwq,3,1
275,h3btnnux,3,3
276,h80iowrh,3,2
277,q4p77ukw,3,2
278,vyb5agwk,3,1
279,na42a0tr,3,3
280,etzzlryf,3,2
281,h3flp86l,3,2
282,7xp143nc,3,2
283,4eyn7pjq,3,3
284,urk7fe34,3,2
285,pw8co0r1,3,3
286,y7urtkxo,3,2
287,wtsyzmo0,3,2
288,lzquegwc,3,3
289,9zk7t1un,3,2
290,0qkzd2w4,3,1
291,46673uro,3,3
292,e7vwyv2a,3,3
293,crla8vrj,3,2
294,ntx35a8s,3,2
295,hvaie7ay,3,1
296,66yurgph,3,3
297,daheoyro,3,3
298,yc8wn5sn,3,2
299,hp8psl4s,3,1
300,rf7kpyo4,4,3
301,gzxtjf0a,4,3
302,wwucmzyy,4,4
303,aq48eris,4,3
304,svn4e6w6,4,5
305,w89awlq7,4,5
306,6vloa2w3,4,5
307,hrfbygub,4,3
308,3ejfxj6r,4,2
309,snruk3j2,4,5
310,f9abq8gj,4,2
311,qs7eo6v6,4,2
312,ov1qssnu,4,5
313,2gr4n3ld,4,3
314,vn3gkugz,4,3
315,tibu8530,4,2
316,plb25rev,4,4
317,8olbj1l8,4,5
318,eabho73n,4,2
319,qocuprwb,4,2
320,kx7z79pf,4,4
321,97xah833,4,4
322,ntqyjqqk,4,3
323,4c8lauif,4,3
324,udbd5ip2,4,2
325,h3owwjao,4,4
326,6gljrj8r,4,4
327,nwsvjwkc,4,2
328,fo5naae7,4,4
329,k8bvayk4,4,5
330,ujprjy7c,4,2
331,mlrg8x6z,4,4
332,9xqv9u57,4,2
333,isbmmrvl,4,3
334,jbmj21c5,4,2
335,bdi8v79t,4,5
336,cdek0oee,4,3
337,gnxr24nr,4,5
338,xwjqvgic,4,2
339,a9f6hh7t,4,2
340,utglk4af,4,4
341,gaemgm0t,4,5
342,fkqdrwer,4,2
343,wv68dc3g,4,5
344,t579ysgl,4,4
345,bxeoso4k,4,4
346,zq387qo8,4,3
347,d498qj2b,4,4
348,cys40jvv,4,5
349,ertnvzwk,4,5
350,h74ux547,4,4
351,rodqdtfj,4,5
352,gebg8z4f,4,3
353,t1anr8gd,4,3
354,5448qbjw,4,5
355,c4vpg8sw,4,2
356,kxtdv6q9,4,3
357,l565gha4,4,4
358,x4vy5bm8,4,2
359,t0ij21io,4,5
360,ufi51fqd,4,3
361,85yd3h2b,4,1
362,141u6ax7,4,1
363,p3gytbcr,4,2
364,250sdmq6,4,2
365,uz15zwuk,4,2
366,xq7wcxjy,4,3
367,iq0e1qp1,4,1
368,fmgnavfq,4,1
369,f29y8vh5,4,3
370,0ec2xunt,4,1
371,cb0xe1sw,4,2
372,aimjebkj,4,1
373,yy3bennu,4,1
374,av2gxfxy,4,1
375,md293k0m,4,1
376,i99pgmd1,4,3
377,ee3p4lvu,4,1
378,v3548bfn,4,3
379,mrfvdpmk,4,1
380,mw5jbl0v,4,2
381,7cty5s6o,4,2
382,x6s34z1s,4,1
383,16qix4ab,4,3
384,chj07xz6,4,2
385,qhtj1pef,4,3
386,fcrdrc9y,4,1
387,acneu8n7,4,1
388,qhhdjgeq,4,2
389,azb7nie3,4,2
390,vx55i006,4,1
391,93my9qqe,4,2
392,lli45kok,4,1
393,uj96zdld,4,2
394,7s5b3lpn,4,1
395,kaf75ng9,4,1
396,xyc6a1fw,4,3
397,b7mlt19n,4,1
398,f5v3hhr8,4,1
399,754nln40,4,1
400,x2zq0lnt,5,2
401,xxp6u0f8,5,5
402,5gp8wg9w,5,2
403,qlx9zwuh,5,2
404,jd028cyg,5,3
405,vopbw1tl,5,3
406,rveuwc8t,5,5
407,j6o3141a,5,5
408,9runp7ek,5,2
409,mzcvilbw,5,2
410,uz8af9lj,5,3
411,hwjkbpqp,5,5
412,xs7df6a7,5,2
413,qw1e5cof,5,4
414,jzfl4xuk,5,4
415,r1wkx0ml,5,2
416,ya2hidlu,5,5
417,qkdni38b,5,4
418,3p81yr4n,5,2
419,9ozguyl8,5,2
420,psguw47w,5,3
421,ntqyjqqk,5,4
422,bfu2v53h,5,4
423,elhp6rx6,5,4
424,l9jemtqm,5,2
425,hyg0464p,5,4
426,3eeykk89,5,2
427,udbd5ip2,5,3
428,789w1o3x,5,5
429,afx7hacm,5,3
430,cys40jvv,5,4
431,6k41sqxy,5,5
432,w6gtskt3,5,3
433,kjvzq2cn,5,2
434,rd0g5j55,5,4
435,jpk854i3,5,5
436,08ckv4r1,5,4
437,gssdjsrx,5,3
438,2btyqh0l,5,4
439,rodqdtfj,5,3
440,s50g754b,5,3
441,t1anr8gd,5,4
442,bbeznd3r,5,3
443,qwr6nfi1,5,3
444,1egushdn,5,3
445,nzxpo4sd,5,3
446,812uc4w7,5,5
447,eflxldnr,5,2
448,ey5xmb8a,5,4
449,a3y1rfas,5,3
450,x6s34z1s,5,5
451,01wsevuu,5,2
452,kxtdv6q9,5,2
453,3ajyr5e4,5,2
454,k5g8ebqg,5,2
455,gnbpngef,5,2
456,x4owsq6f,5,4
457,y2knt8g0,5,4
458,90f9vr0a,5,3
459,0q2ky9gd,5,4
460,p7k98yjy,5,3
461,y0m1utug,5,1
462,y0zjkmoe,5,2
463,8nq7e8z6,5,2
464,mvfzhtvo,5,2
465,1n69h3i3,5,2
466,xkrbh9sn,5,2
467,upi9ie6d,5,2
468,6gow0x1v,5,1
469,cj4zlr3c,5,1
470,wtsyzmo0,5,1
471,rwkg4y3g,5,1
472,gw2cow0d,5,1
473,tg6s41y3,5,2
474,bqv0nbo7,5,3
475,gy472fk4,5,1
476,gynpp0rn,5,1
477,kka9ksa3,5,1
478,7njij0kb,5,2
479,qyb8er14,5,3
480,mne96c9i,5,2
481,xulsxtda,5,1
482,q26f8pv4,5,1
483,bdi8v79t,5,3
484,xprr8pmr,5,3
485,0zbp3uqf,5,3
486,5r2in1gw,5,1
487,iryb3v0z,5,2
488,wek9wp6u,5,2
489,ee3p4lvu,5,2
490,hqxiyxfj,5,3
491,ujf6v8x0,5,2
492,2r62jqsx,5,3
493,rb8vf4q6,5,2
494,ebx603bn,5,1
495,5uzp3l0r,5,2
496,g0pk8dw3,5,3
497,c22kw6f4,5,1
498,tcz01unx,5,1
499,oqiedq30,5,3
500,mfvcjkh4,6,4
501,wvw6q7px,6,2
502,hf3nytb2,6,5
503,wysdsfu0,6,2
504,6gjepq1h,6,3
505,m8ktaq1w,6,4
506,4oi8ahif,6,4
507,dzzlpz4o,6,4
508,zgapjjjw,6,3
509,mkl89qkt,6,3
510,nk2thkme,6,5
511,xmbzmeo4,6,3
512,3i0ymq7o,6,3
513,vlv8x8l8,6,4
514,oypnbpkh,6,3
515,zkudc8ww,6,2
516,tgj92jis,6,3
517,mgj9zfft,6,4
518,rc0zhw5h,6,2
519,zpk3gjwo,6,5
520,pjdogrs4,6,3
521,nofojf8m,6,5
522,dgeisr8h,6,5
523,hv1kr24h,6,5
524,u86icqcc,6,4
525,abs3tc3r,6,5
526,67oorg1b,6,3
527,gzjnb6yg,6,4
528,3bpcf28i,6,3
529,8a873aw7,6,3
530,nwsvjwkc,6,3
531,73hw8922,6,2
532,gz4ur4xb,6,4
533,3owcqt3d,6,5
534,942634t2,6,5
535,dqjzol31,6,2
536,uvfppirt,6,2
537,d62iuk72,6,3
538,67ao8chx,6,4
539,4s1b3peg,6,4
540,wi7qdbc7,6,4
541,zec9pnet,6,4
542,th0wddvc,6,3
543,deqiets2,6,4
544,ertnvzwk,6,4
545,qbd74839,6,3
546,yvd1n42f,6,4
547,gssdjsrx,6,5
548,rodqdtfj,6,3
549,4mlve2dq,6,4
550,f1xxpg2d,6,3
551,f8f2utzx,6,5
552,0q2ky9gd,6,5
553,gnbpngef,6,2
554,ij9mifov,6,3
555,hr1f3g28,6,2
556,66kuahlb,6,5
557,l565gha4,6,5
558,d498qj2b,6,4
559,x4vy5bm8,6,3
560,imp7icud,6,3
561,0aiaklrn,6,2
562,q5s79p6n,6,3
563,59uidbl7,6,3
564,c4vpg8sw,6,3
565,fo5naae7,6,2
566,te75jsd3,6,3
567,hp5x637c,6,1
568,osv673g3,6,3
569,yx6p2yhk,6,2
570,fvx0xof9,6,2
571,3n05cb49,6,3
572,9idv3n54,6,3
573,kj71b736,6,1
574,t579ysgl,6,3
575,qs82fva6,6,2
576,a1sbdhhn,6,1
577,z4p0c01e,6,2
578,i1ifocme,6,1
579,w11azztq,6,1
580,ubpbdqtg,6,1
581,4arfk93i,6,2
582,33gno57t,6,3
583,x5lbstyr,6,3
584,huz0tpmi,6,2
585,9zmyojbu,6,2
586,0ic7twhy,6,1
587,vnwpzsu8,6,2
588,38rmx65j,6,2
589,58odj9gi,6,3
590,d8p8elen,6,2
591,ufjjengt,6,3
592,ir0rbr0i,6,3
593,pr8za61l,6,1
594,l3gjnb7i,6,3
595,hqc7u9w3,6,3
596,zoud7w1y,6,3
597,9pgm9hcw,6,2
598,6xvfy4wc,6,1
599,vqoxd64i,6,3
600,l8q3hqr3,7,2
601,crla8vrj,7,3
602,vm5zjr64,7,4
603,qn34eyul,7,2
604,yuqp8pwm,7,4
605,zq8kqf6h,7,3
606,0r4z1zea,7,4
607,ir0rbr0i,7,2
608,0nyy7vjo,7,5
609,d804yrhk,7,5
610,zbogocki,7,2
611,6q5ndj7c,7,4
612,ov1qssnu,7,2
613,w7uhqsio,7,3
614,gi2kswai,7,4
615,jiisak9a,7,3
616,2ygb80sc,7,3
617,kje8lvgl,7,4
618,newf1dqx,7,4
619,13cii3on,7,2
620,ckl40b6c,7,3
621,eejcwr1s,7,5
622,apaleobf,7,4
623,pxvrqxxf,7,3
624,b7wp0gqn,7,4
625,9m3s1yd1,7,5
626,7mdg0x92,7,4
627,x7wyr3bf,7,4
628,56sag9d0,7,3
629,n3t7on3s,7,5
630,qbd74839,7,5
631,w6gtskt3,7,5
632,lvvwa9ah,7,3
633,7pbfxcmp,7,4
634,6r25jl11,7,5
635,jpk854i3,7,3
636,08ckv4r1,7,2
637,3gj754dq,7,4
638,wrru98zg,7,3
639,mu9jt1ul,7,5
640,e6h8n8qm,7,5
641,lz37rh82,7,2
642,795wuqz5,7,3
643,t1anr8gd,7,3
644,qwr6nfi1,7,2
645,1egushdn,7,5
646,4mlve2dq,7,2
647,812uc4w7,7,3
648,ody77u5n,7,4
649,0dddrh4e,7,2
650,rbrjlz25,7,4
651,bxigtyao,7,2
652,gnbpngef,7,2
653,awn9ayy6,7,2
654,i70ztypg,7,3
655,cijyfa4j,7,3
656,l565gha4,7,4
657,d498qj2b,7,4
658,k2keaggr,7,3
659,t0ij21io,7,3
660,x104z9t1,7,3
661,d2efggsl,7,1
662,vmmlxr0o,7,2
663,wdops7ev,7,1
664,pbahviaz,7,2
665,oefyszar,7,2
666,38aabxh1,7,3
667,l8k34gh1,7,1
668,jirkkkvy,7,1
669,ov3ikon5,7,1
670,p7duonkr,7,3
671,due9tloa,7,1
672,7cgqxt2m,7,2
673,ov3bv7qo,7,3
674,sh3srp8g,7,2
675,gxhlnrkv,7,1
676,ec5qzurk,7,1
677,pkntgn17,7,1
678,25dcnext,7,3
679,mooqhax8,7,2
680,cr0zskcw,7,1
681,gp7x03lb,7,2
682,9runp7ek,7,2
683,ttyo4z6f,7,2
684,h8l7zp2b,7,2
685,k8wfyj9b,7,1
686,dgeisr8h,7,2
687,b6gte5u0,7,2
688,82m3w06s,7,1
689,s64v656n,7,3
690,qwnb9x57,7,2
691,tr3ageky,7,1
692,0nrkugxs,7,1
693,awygbo1y,7,1
694,ldkeb9xa,7,2
695,5w5p7fe2,7,1
696,af8ofuwo,7,1
697,u3f89kvg,7,2
698,mw5jbl0v,7,1
699,2yq3pz3j,7,2
700,dcjwfes7,8,3
701,r0rfjs05,8,3
702,7992x1hs,8,2
703,ovq737wt,8,5
704,q4p77ukw,8,3
705,ugbwvy6j,8,5
706,m4qgmg32,8,2
707,gt2pwc9b,8,2
708,xvc2154y,8,4
709,uwg57g1z,8,5
710,sdj8n4pd,8,3
711,sl8148ap,8,2
712,qaogpxy9,8,4
713,x1ddi8wg,8,5
714,tvxpckxo,8,3
715,dhmw6m7k,8,3
716,hww0watl,8,4
717,6wyb431b,8,3
718,2ju8t2cz,8,3
719,rxtd3ipr,8,4
720,tilwqk15,8,4
721,8dbenul1,8,4
722,erofmh39,8,3
723,3qxun84i,8,4
724,s1p2k9mi,8,2
725,2b2h1xog,8,2
726,kz3b01wq,8,5
727,ztqjo13e,8,3
728,mszzo4o4,8,5
729,72oh3vze,8,4
730,6iu1dtyl,8,5
731,36gbl7tu,8,2
732,5gglmx9d,8,5
733,zuvy8htp,8,5
734,5xk3z4ck,8,3
735,qlwzl5mq,8,5
736,73hw8922,8,2
737,dqjzol31,8,2
738,6ek80l79,8,5
739,91uj6sph,8,5
740,gaemgm0t,8,2
741,qnf7qfjf,8,3
742,5hrydciz,8,4
743,jsvcjlz7,8,5
744,wi7qdbc7,8,4
745,bxeoso4k,8,5
746,th0wddvc,8,2
747,yvd1n42f,8,4
748,z313zltg,8,4
749,3gj754dq,8,3
750,wrru98zg,8,5
751,ta1i0ata,8,2
752,795wuqz5,8,4
753,l78de41z,8,2
754,ebcj0hw1,8,4
755,1zjrunzc,8,4
756,2x7dfl1q,8,4
757,zi7m3eto,8,4
758,66kuahlb,8,3
759,3zh8jmc2,8,2
760,iope7cbp,8,2
761,s4qki9l5,8,2
762,sd0an0z3,8,1
763,fk0t13xj,8,2
764,forh7lw4,8,3
765,xstc0n8t,8,3
766,b0p1b4g8,8,1
767,gzq9xpe0,8,2
768,hwlvk68z,8,3
769,i55gwn3s,8,1
770,k5g8ebqg,8,3
771,s0otfnjw,8,1
772,umx793cw,8,1
773,7jszm1nd,8,1
774,am24dpy4,8,1
775,qcjbtflt,8,3
776,kuf3ssdb,8,3
777,o53k7rl6,8,3
778,fw1b9d02,8,3
779,taffwyio,8,2
780,qm8kalyt,8,2
781,bqv0nbo7,8,3
782,fie121ns,8,3
783,ntokyoai,8,1
784,thygu6at,8,3
785,8cbjhh1z,8,2
786,ty6lv18n,8,2
787,zz1zarbk,8,1
788,9cyn8vc0,8,3
789,dtvzwin8,8,2
790,hxjxczyr,8,2
791,5u1u3xoy,8,1
792,kgvcu8nf,8,1
793,vzm3wbyz,8,2
794,3to48bpk,8,3
795,u09rn09u,8,2
796,h6h7j34e,8,3
797,qw1e5cof,8,3
798,6zfz2ns5,8,2
799,zq00lpxo,8,1
800,xy8wbmzf,9,5
801,5fl0rk90,9,2
802,lbux40xj,9,5
803,4vgnzvag,9,3
804,yx6p2yhk,9,5
805,ao7kenbx,9,2
806,qtbrelfv,9,3
807,1y5nej0m,9,4
808,ixv1snkw,9,2
809,z9kk5xd4,9,4
810,hohrbxyj,9,2
811,mid2w6yo,9,5
812,5p41ulkl,9,2
813,u3f89kvg,9,5
814,o43cfrfh,9,5
815,kbpvt5on,9,4
816,3wvfkg4c,9,2
817,qb9ewpzd,9,2
818,swlkjtyo,9,4
819,zlygzsm1,9,2
820,us29j281,9,3
821,1qyuhbz0,9,2
822,g6nvhdmv,9,4
823,cs9zddms,9,4
824,xndczw98,9,4
825,p7k98yjy,9,4
826,9wtkvddz,9,3
827,ef5d81cg,9,4
828,9m39fb88,9,4
829,ke7z799v,9,4
830,jy705l0d,9,5
831,mcxkifh6,9,4
832,gsdk5x3e,9,3
833,3af218mx,9,5
834,sybnnma7,9,5
835,sw4wtxdk,9,3
836,ugpc7fow,9,5
837,hwywzb0a,9,2
838,10j9cp9c,9,2
839,7i1sxa51,9,5
840,l8aa9cl3,9,3
841,1y34xsxk,9,5
842,dxdr6oan,9,4
843,tptwlmy4,9,4
844,4r89qacd,9,2
845,yozk08w4,9,4
846,ulq1xqma,9,4
847,pvvym3z6,9,4
848,9pncgls8,9,4
849,yoog0kft,9,2
850,rbrjlz25,9,3
851,84hxim2n,9,3
852,odl5p8i4,9,2
853,9p2n8tjx,9,5
854,ieb5ec5j,9,2
855,34je017c,9,5
856,dgtyacl9,9,5
857,l9jemtqm,9,4
858,w6q1x1zs,9,2
859,j6q2q0ko,9,2
860,piusm60c,9,2
861,ic937w26,9,2
862,9vq05yf2,9,1
863,kc5olmvo,9,3
864,4gjo72hx,9,3
865,ej0e1c4d,9,2
866,4prvgmvt,9,2
867,02opdk0m,9,1
868,3aonqyub,9,3
869,9vw76cic,9,1
870,r5r9kgmk,9,2
871,ns9s4zyk,9,2
872,6hwedoh7,9,2
873,jiisak9a,9,1
874,z9kk5xd4,9,1
875,jbmj21c5,9,2
876,wzjdm4q2,9,1
877,qkedjzqs,9,1
878,w98pwltg,9,2
879,qtobz75n,9,1
880,soc2aui9,9,3
881,qdr51x7p,9,2
882,eabho73n,9,3
883,moattmgh,9,1
884,dm4ddxt7,9,2
885,0y80k5kw,9,1
886,5448qbjw,9,3
887,hnk7ok3f,9,1
888,gi2kswai,9,2
889,j6q2q0ko,9,3
890,ntub7gnw,9,3
891,y01w04lc,9,2
892,jy63p793,9,3
893,2g9dc5z4,9,1
894,ll5a0urm,9,3
895,v4ec09fs,9,2
896,c5i7bzz4,9,2
897,cpk3oa5p,9,3
898,q4qkxp5u,9,3
899,gz4ur4xb,9,1
900,3bw7jbzq,10,4
901,nxv1ie29,10,2
902,ikq38rm1,10,5
903,odnpx3ib,10,2
904,lwzyoscw,10,5
905,uvxqz41k,10,2
906,0jx6mwiw,10,2
907,7cgqxt2m,10,5
908,z6ufx206,10,3
909,3gwbc7z9,10,3
910,vc4gw5ko,10,4
911,1yfrjsek,10,2
912,7xmxcm35,10,4
913,s3tdllby,10,3
914,dg3pfydf,10,3
915,l4soafvr,10,4
916,pznpngmv,10,3
917,ftjnw3an,10,4
918,n7ev5osc,10,2
919,80fttgjw,10,5
920,9vq05yf2,10,2
921,agja3onp,10,4
922,62a1d6vw,10,5
923,m25f7tfr,10,4
924,oa68zsj4,10,2
925,v96bfnsp,10,3
926,r707jl16,10,3
927,8xndud0h,10,3
928,8trsa6o6,10,2
929,ebl8yc92,10,2
930,ajlctjeb,10,2
931,k1hwh640,10,3
932,uz9jlrgq,10,5
933,hc9ssruz,10,3
934,dvfmpm54,10,4
935,t7004uw2,10,2
936,a3tammig,10,4
937,4hpmfcs8,10,4
938,mx6i2781,10,2
939,4r89qacd,10,4
940,nro3cdm2,10,3
941,5u6mhr82,10,4
942,4k8f7ou1,10,2
943,e67ky5tr,10,5
944,suzhg1yd,10,2
945,f59c4idd,10,5
946,br2p09pg,10,5
947,06o7pa3d,10,3
948,1tcpaigw,10,2
949,c0smzrt6,10,4
950,9zmyojbu,10,3
951,gnz96tzj,10,4
952,4qfhltg4,10,4
953,zuvy8htp,10,2
954,t3zampk7,10,2
955,arczqdza,10,4
956,goo993eg,10,2
957,1egushdn,10,2
958,p5ohjzhs,10,5
959,ttyo4z6f,10,5
960,84p3mem3,10,1
961,rveuwc8t,10,1
962,7tewne3a,10,3
963,xtn164je,10,2
964,jj7dm2n1,10,2
965,yq190ig9,10,1
966,1e3pthel,10,1
967,y9la83zx,10,1
968,8vk89i4h,10,2
969,tg6s41y3,10,2
970,ft2s35co,10,1
971,bdw5ke4i,10,3
972,cl9gpt9w,10,1
973,ycdaw2vh,10,2
974,sxidmw7e,10,3
975,fvoke2yc,10,3
976,r7y1cqou,10,1
977,tloaa3v1,10,3
978,8ztx62z0,10,1
979,9cx1gdze,10,2
980,3njrml7x,10,1
981,ukcxh8qa,10,2
982,1kw5v6rm,10,3
983,irw9kyfn,10,3
984,abs3tc3r,10,1
985,zueoyesj,10,2
986,a0pzw26l,10,3
987,epkw6222,10,3
988,r938lfrr,10,2
989,65s65ojc,10,2
990,uylgyhs8,10,2
991,qtoygz6w,10,1
992,w3baah6c,10,2
993,36u01t35,10,2
994,epz7fvnx,10,2
995,b7vkq8w2,10,3
996,9hrp07zo,10,3
997,3gh9nozl,10,1
998,3wt8z1gk,10,1
999,xp6nf1yu,10,2
1000,kz3b01wq,11,5
1001,u3f89kvg,11,4
1002,3nk2ipyi,11,2
1003,lrc0i6nz,11,3
1004,oyz36v2b,11,4
1005,onybus5o,11,3
1006,m9hmv8c8,11,5
1007,kmdxxx76,11,4
1008,o3sjailf,11,4
1009,u61mcemm,11,3
1010,6krujv2m,11,5
1011,lzw1q285,11,5
1012,oveybgbc,11,3
1013,tgl2tg0c,11,3
1014,qkdni38b,11,4
1015,xogty25m,11,2
1016,spiud6ok,11,2
1017,j36voasl,11,2
1018,9xgt3tf4,11,4
1019,m31mb2kr,11,2
1020,dzzlpz4o,11,2
1021,piyo00yg,11,5
1022,8cn5ewtz,11,5
1023,k5xpirfz,11,5
1024,pdx5xovg,11,3
1025,ie22xisg,11,4
1026,104sqoxz,11,2
1027,14azjvbf,11,3
1028,dc63kane,11,4
1029,tkxpjlyn,11,2
1030,jk7cn1p3,11,3
1031,jzcyxjxt,11,3
1032,167mranp,11,4
1033,2rtk9ppu,11,5
1034,i8x62ufi,11,4
1035,k52tkf1z,11,4
1036,9xqv9u57,11,3
1037,k6f3luil,11,4
1038,4yfohp9w,11,4
1039,iwvjz3bf,11,3
1040,fuotxqab,11,5
1041,e1sfuv1n,11,4
1042,wkizpbcz,11,5
1043,mvkao3ye,11,3
1044,4uiyf3me,11,3
1045,cy7j31wq,11,5
1046,2s6hpakk,11,5
1047,3bozjfv7,11,5
1048,942634t2,11,4
1049,7o47l32b,11,4
1050,utglk4af,11,4
1051,deqiets2,11,3
1052,7pbfxcmp,11,5
1053,0fegsm1v,11,2
1054,t0ij21io,11,4
1055,ij9mifov,11,3
1056,4mlve2dq,11,2
1057,rbrjlz25,11,3
1058,8ppi3djf,11,4
1059,x4owsq6f,11,5
1060,flznxurb,11,3
1061,ekhj8ae8,11,3
1062,8ctsa9sd,11,3
1063,nmi39n6h,11,1
1064,sn1a7ikq,11,3
1065,1mrj6nb3,11,1
1066,6t6x9knp,11,1
1067,g3a9onb5,11,3
1068,nvs6wso3,11,1
1069,e9vwsu7r,11,1
1070,ef5d81cg,11,2
1071,47496o0e,11,2
1072,cpz8yb16,11,1
1073,9r62ffew,11,2
1074,1zf38rzc,11,1
1075,ragy7afs,11,1
1076,299oohbp,11,1
1077,v3sfww3e,11,1
1078,isbmmrvl,11,1
1079,dabu4ohl,11,1
1080,1fgz2fyr,11,1
1081,j68x0yd1,11,1
1082,ysyz3grd,11,1
1083,nfr0kjmn,11,1
1084,ef87c4ej,11,1
1085,fo5apbjg,11,3
1086,y2knt8g0,11,3
1087,8y8ho2x5,11,2
1088,w98pwltg,11,1
1089,vyci1ho3,11,1
1090,mrcsrwv0,11,2
1091,8crvjzz4,11,1
1092,ce3sd1ju,11,1
1093,zx6m2zgi,11,3
1094,tty2y9cv,11,3
1095,z8oh082s,11,3
1096,8mtvx3h9,11,2
1097,xkrbh9sn,11,2
1098,5p41ulkl,11,1
1099,ceatyj3o,11,3
1100,53u2fp4e,12,2
1101,iryb3v0z,12,4
1102,xs3d7dqh,12,2
1103,3tt99oax,12,2
1104,3bozjfv7,12,2
1105,iblo9m4q,12,3
1106,jt6zfb6a,12,4
1107,vtp4cwvt,12,5
1108,nftd7xus,12,2
1109,ek3baj4i,12,5
1110,3euy4u9k,12,4
1111,0204iiah,12,2
1112,kwnteqg1,12,3
1113,7a0v0wfm,12,5
1114,fsxcw36r,12,4
1115,rlebw9ez,12,4
1116,5sucu1cg,12,5
1117,pqpqayuv,12,3
1118,30oad29g,12,2
1119,wpuwo96e,12,5
1120,upi9ie6d,12,3
1121,782iew86,12,4
1122,9kroonl1,12,2
1123,s6hkr5un,12,5
1124,hz0t8ovy,12,3
1125,w6q1x1zs,12,3
1126,mrh38ki8,12,3
1127,1z8nglaa,12,3
1128,gxqufddb,12,2
1129,oshi71yw,12,4
1130,7jszm1nd,12,4
1131,6f8vyziv,12,4
1132,6gow0x1v,12,2
1133,dxdr6oan,12,2
1134,nfoqst26,12,2
1135,ieb5ec5j,12,5
1136,zdb0xjic,12,2
1137,f6anradb,12,5
1138,lrtt9r1h,12,3
1139,ic937w26,12,3
1140,eiqypt0m,12,4
1141,9zmyojbu,12,5
1142,gnz96tzj,12,4
1143,hcol9yly,12,4
1144,6nq7y1qe,12,3
1145,d7iwkatn,12,3
1146,3okytwd8,12,5
1147,qlwzl5mq,12,4
1148,dqjzol31,12,2
1149,fkqdrwer,12,5
1150,qnf7qfjf,12,2
1151,uvfppirt,12,2
1152,wecjrlex,12,2
1153,e9vwsu7r,12,2
1154,ertnvzwk,12,5
1155,dpcgl6ig,12,4
1156,va15szxu,12,5
1157,tmu3whli,12,3
1158,awn9ayy6,12,5
1159,i70ztypg,12,3
1160,d8p7mgqt,12,1
1161,kr4o8hoc,12,1
1162,9g8rwsm1,12,1
1163,wtnf340p,12,1
1164,qevosik3,12,3
1165,s64v656n,12,1
1166,vzbh457k,12,2
1167,4evbeijx,12,1
1168,6zfz2ns5,12,2
1169,7gees992,12,2
1170,1y5nej0m,12,3
1171,9ytbn9a3,12,1
1172,bhtl73z9,12,3
1173,a2jsorm2,12,3
1174,9n3vhfs9,12,1
1175,jr9hj0bs,12,1
1176,niz9dw5z,12,1
1177,nn9gj0z1,12,1
1178,26pbzbxz,12,1
1179,np9tsmvs,12,3
1180,56sag9d0,12,3
1181,7lvqpz21,12,1
1182,7coajgjz,12,3
1183,exqza1kg,12,1
1184,5op0yss9,12,2
1185,qyiw18ft,12,2
1186,g5vrnn8v,12,1
1187,xva1qkrd,12,3
1188,nk2thkme,12,1
1189,davndlp8,12,2
1190,8jcb0zef,12,2
1191,2ils0n0u,12,1
1192,u1xa44nw,12,3
1193,ueqamyxp,12,2
1194,z313zltg,12,3
1195,7i1sxa51,12,2
1196,8pmbdljo,12,2
1197,c7f1l13s,12,3
1198,d44eqqah,12,2
1199,bbtslrrt,12,1
1200,zssgqpv7,13,2
1201,ycxyn2a2,13,2
1202,ypmml45i,13,5
1203,urk7fe34,13,2
1204,stgri6y6,13,3
1205,a42b8s5i,13,3
1206,9mxi4dzi,13,4
1207,5kqtxh6t,13,5
1208,9r384oxd,13,3
1209,u1qbf9s7,13,3
1210,ufjjengt,13,5
1211,do50gvdd,13,5
1212,a0e3kwbe,13,4
1213,3u77cp37,13,5
1214,pr9i9swk,13,4
1215,9voqa1oy,13,2
1216,fgwoijut,13,4
1217,qq6jzcoi,13,4
1218,0xwkte0d,13,5
1219,bsu74y23,13,5
1220,tvhybr82,13,5
1221,u786wo53,13,4
1222,sdlhh79b,13,4
1223,1gd006zy,13,3
1224,ucn7t3sg,13,3
1225,ss1435el,13,4
1226,pxzbirqd,13,2
1227,n950aw6u,13,3
1228,k5b6abyk,13,5
1229,5l48fvx2,13,5
1230,bxeoso4k,13,2
1231,d2mb2b3d,13,3
1232,6k41sqxy,13,5
1233,pccw41s5,13,4
1234,mx4t6s6n,13,4
1235,1jcwfu8n,13,5
1236,a3tammig,13,5
1237,mcxkifh6,13,4
1238,4hpmfcs8,13,3
1239,o13leezl,13,2
1240,kjkuet78,13,3
1241,suzhg1yd,13,4
1242,hyg0464p,13,2
1243,ujprjy7c,13,3
1244,moln6ues,13,3
1245,1tcpaigw,13,3
1246,8r8z0otz,13,3
1247,soc2aui9,13,3
1248,yxrokwgu,13,2
1249,isrb4y3p,13,3
1250,a9f6hh7t,13,3
1251,wv68dc3g,13,2
1252,t579ysgl,13,4
1253,e1yzrc6n,13,3
1254,uylgyhs8,13,2
1255,gssdjsrx,13,3
1256,i70ztypg,13,3
1257,x4owsq6f,13,5
1258,66kuahlb,13,5
1259,c4vpg8sw,13,4
1260,p1yr4zqq,13,2
1261,zwfxnd7r,13,2
1262,543aq9dx,13,3
1263,1fdmmdll,13,3
1264,5616n73p,13,3
1265,9voqa1oy,13,3
1266,n25wnmq5,13,2
1267,c022ogee,13,3
1268,xnzzy30s,13,2
1269,1f65y7j6,13,1
1270,csan4wwk,13,2
1271,1e3pthel,13,3
1272,4ct0ywnw,13,2
1273,awn9ayy6,13,3
1274,5vpzgzvz,13,3
1275,en8t3hqj,13,3
1276,adfigzc1,13,2
1277,jquxicdr,13,3
1278,noscodew,13,3
1279,u8kmlcaw,13,2
1280,uvs3waq5,13,1
1281,8gnn6l4b,13,2
1282,4wg1aryz,13,1
1283,id4rgjnk,13,2
1284,8nbqc69q,13,1
1285,kjkuet78,13,1
1286,kvc2ux45,13,2
1287,4amtvxzk,13,1
1288,z5klydpi,13,1
1289,ikaekka7,13,3
1290,6it6pukx,13,2
1291,etzzlryf,13,1
1292,q8gshba8,13,2
1293,akkpf0u1,13,1
1294,8ztx62z0,13,3
1295,7lvqpz21,13,3
1296,8942b94u,13,2
1297,oyz36v2b,13,2
1298,o7y3wygc,13,1
1299,n6c6ktqr,13,1
1300,7658dmvk,14,5
1301,aaglh001,14,5
1302,fsbemdry,14,5
1303,e1xm39x8,14,2
1304,exo2map8,14,5
1305,jrmfl3te,14,4
1306,5h6monh3,14,2
1307,ssrs0cwf,14,4
1308,kqb475gu,14,4
1309,llilwq1u,14,5
1310,xmgkpk0b,14,5
1311,ohd9y2fz,14,2
1312,yupm6smb,14,5
1313,pjv3wy80,14,3
1314,kwa16zoy,14,4
1315,nmt221tu,14,2
1316,3zevsk0w,14,4
1317,agmr7s98,14,3
1318,i4c6i6rj,14,5
1319,hhtym6gn,14,4
1320,ykisq8nz,14,5
1321,mnvievju,14,5
1322,r7mskri0,14,3
1323,bjb38t6o,14,3
1324,6gem43t0,14,3
1325,finpjfuz,14,3
1326,5m29nugu,14,2
1327,5sucu1cg,14,4
1328,9m9mqicn,14,5
1329,1ow9adcf,14,2
1330,d0bk9gu5,14,5
1331,mx6i2781,14,4
1332,yoog0kft,14,5
1333,nfoqst26,14,3
1334,pgqsezq2,14,5
1335,5616n73p,14,2
1336,4ac52f72,14,4
1337,suzhg1yd,14,2
1338,60j1dm90,14,5
1339,dp9w2b9t,14,2
1340,xf7biu18,14,4
1341,k6f3luil,14,2
1342,jbmj21c5,14,5
1343,drcfdv9z,14,5
1344,dugsh7mp,14,5
1345,e1sfuv1n,14,2
1346,hcol9yly,14,2
1347,ctpgylnr,14,2
1348,dqjzol31,14,4
1349,91uj6sph,14,2
1350,ed5p6xan,14,4
1351,gaemgm0t,14,5
1352,wecjrlex,14,2
1353,zq387qo8,14,4
1354,1kw5v6rm,14,3
1355,bbvxu8op,14,5
1356,t0ij21io,14,2
1357,90f9vr0a,14,5
1358,ttyo4z6f,14,4
1359,x4vy5bm8,14,3
1360,vfs2ufx6,14,2
1361,i0afrxno,14,3
1362,ucmpbk76,14,2
1363,nfr0kjmn,14,1
1364,8yrpcl94,14,1
1365,93my9qqe,14,2
1366,i8lw83w2,14,2
1367,7vmevd9g,14,2
1368,d4zavkcn,14,3
1369,mq6bterc,14,2
1370,1awau7hm,14,2
1371,b8lbcwf1,14,1
1372,gbdaad4l,14,2
1373,ei0omhim,14,2
1374,0fjh10v7,14,1
1375,84hphtps,14,1
1376,psaf2vls,14,1
1377,l3ej1hdk,14,2
1378,x5601om8,14,3
1379,soc2aui9,14,2
1380,aghh3orn,14,3
1381,ww9k0cf0,14,1
1382,58ta20fg,14,1
1383,chdvsmsn,14,1
1384,mc9wxwrh,14,3
1385,cbzd8ybv,14,1
1386,14gcu1se,14,2
1387,u88gznxq,14,2
1388,lrkscs71,14,1
1389,sxidmw7e,14,1
1390,5opiip58,14,1
1391,zwkl1ywk,14,2
1392,9f3t46bt,14,1
1393,lrc0i6nz,14,2
1394,qg1b5p1j,14,2
1395,nro3cdm2,14,1
1396,qwrdr92h,14,1
1397,0qmx6i3k,14,1
1398,xs3d7dqh,14,1
1399,ujquw0g8,14,2
1400,97lhnn4y,15,5
1401,6pai2e87,15,4
1402,x2zq0lnt,15,3
1403,1ni7949q,15,4
1404,jzwcy7dr,15,3
1405,o3sjailf,15,4
1406,gnkzb7qr,15,5
1407,cpa2sl50,15,3
1408,rb8wg8k5,15,4
1409,7hgbnhqb,15,2
1410,82om5zp5,15,3
1411,exqza1kg,15,4
1412,tnaizwxo,15,4
1413,l3brhmzq,15,5
1414,jfawhnsq,15,2
1415,9zk7t1un,15,2
1416,roy4420g,15,3
1417,5rj9nhz0,15,5
1418,d7pob183,15,2
1419,1qtqergw,15,4
1420,dopd54p2,15,3
1421,cpz8yb16,15,3
1422,7ip36gt1,15,4
1423,a8w5cs6k,15,2
1424,x7wva1ax,15,2
1425,qaogpxy9,15,2
1426,82m3w06s,15,3
1427,42nxq5iq,15,4
1428,58ta20fg,15,3
1429,0zbp3uqf,15,5
1430,8s4bsnlw,15,3
1431,fdfm52s1,15,2
1432,q5ogi4o7,15,2
1433,tex6bgab,15,5
1434,iejfgkst,15,3
1435,0c5c2sze,15,5
1436,5hrydciz,15,5
1437,g7mjit8i,15,4
1438,wecjrlex,15,5
1439,cu6nmjoj,15,5
1440,lvvwa9ah,15,3
1441,mcxkifh6,15,4
1442,4hpmfcs8,15,2
1443,ezdm4cfc,15,4
1444,i8x62ufi,15,2
1445,0littefv,15,3
1446,lz37rh82,15,4
1447,k2glr4pd,15,3
1448,spiud6ok,15,4
1449,mvkao3ye,15,4
1450,hcol9yly,15,5
1451,k0mdkews,15,2
1452,q4qkxp5u,15,3
1453,fseo9acx,15,3
1454,944gun8o,15,4
1455,1fgz2fyr,15,2
1456,5448qbjw,15,3
1457,ody77u5n,15,3
1458,a3y1rfas,15,5
1459,8ppi3djf,15,3
1460,o43cfrfh,15,3
1461,snruk3j2,15,3
1462,dv3o8dl3,15,2
1463,36u01t35,15,1
1464,snfsaont,15,2
1465,2ils0n0u,15,1
1466,ke0tkpso,15,2
1467,f5u2o0rq,15,2
1468,e5ihpe4i,15,3
1469,mxjtj5c0,15,1
1470,taffwyio,15,2
1471,qrnhp1ek,15,1
1472,kk11lja4,15,2
1473,pbahviaz,15,3
1474,rxtd3ipr,15,2
1475,zaeg1ujv,15,3
1476,yz2wbpuu,15,3
1477,g7ov7su5,15,1
1478,a2jsorm2,15,2
1479,1y5nej0m,15,2
1480,iig60vp7,15,2
1481,1zisomq5,15,3
1482,721r0tnd,15,2
1483,q8n34269,15,1
1484,meftw32x,15,2
1485,rgqwm3vb,15,1
1486,9ofqelrm,15,1
1487,wjm11xzr,15,3
1488,5is9kc52,15,3
1489,ysyz3grd,15,1
1490,byp2eqhd,15,3
1491,prrfm4cm,15,3
1492,sfshosp0,15,3
1493,l4uo9tn3,15,3
1494,ygg093ns,15,2
1495,n952re94,15,2
1496,64l96jwp,15,1
1497,06o7pa3d,15,3
1498,sch7zhx7,15,3
1499,zizfgz7d,15,1
1500,d1qpjjyh,16,3
1501,uwg57g1z,16,5
1502,ckkcpt1b,16,4
1503,5yhe786e,16,3
1504,t8547tse,16,2
1505,r6c7kmqj,16,5
1506,zvnqiy9p,16,4
1507,xodngfj6,16,4
1508,ya2hidlu,16,3
1509,32ykxt0o,16,3
1510,tty2y9cv,16,2
1511,gpgl3nm3,16,3
1512,4y5ofjgt,16,4
1513,yomg30hg,16,3
1514,zjsjgd31,16,5
1515,9sgrw1qp,16,3
1516,soi3bn6y,16,2
1517,3pnpaer4,16,5
1518,3wok0n21,16,5
1519,xbhyx7vi,16,2
1520,0p8lk12m,16,4
1521,6wyb431b,16,2
1522,ef87c4ej,16,4
1523,s1p2k9mi,16,2
1524,rq08bhu9,16,2
1525,n85ptr5p,16,4
1526,hhtym6gn,16,4
1527,0mtmodmo,16,5
1528,ldfa616a,16,5
1529,agvkqpt7,16,5
1530,6v3ojnl8,16,3
1531,zmx4k46v,16,3
1532,1fhja82a,16,3
1533,0q2ky9gd,16,2
1534,tu50ab1b,16,4
1535,i8x62ufi,16,2
1536,ebcj0hw1,16,3
1537,60j1dm90,16,2
1538,k6f3luil,16,5
1539,669k72bv,16,2
1540,dd7vpwb0,16,2
1541,dognow0r,16,4
1542,t579ysgl,16,5
1543,d498qj2b,16,3
1544,deqiets2,16,4
1545,qbd74839,16,5
1546,kjvzq2cn,16,3
1547,fa7s7xj5,16,5
1548,udbd5ip2,16,3
1549,v5surcw0,16,2
1550,xu94pe3d,16,4
1551,lz37rh82,16,2
1552,5448qbjw,16,2
1553,4mlve2dq,16,5
1554,a3y1rfas,16,2
1555,3ajyr5e4,16,5
1556,8ppi3djf,16,5
1557,gnbpngef,16,5
1558,t0ij21io,16,4
1559,x4owsq6f,16,2
1560,9eugp42j,16,3
1561,fee4aqsy,16,3
1562,u5w19iym,16,2
1563,9mma6rva,16,3
1564,3e58229u,16,3
1565,1t0mklwi,16,3
1566,h8xxpbr6,16,2
1567,1upc75qz,16,2
1568,e7vwyv2a,16,3
1569,o2z7n3v5,16,1
1570,5f4tybt9,16,3
1571,3hs4f022,16,1
1572,es1xllm0,16,1
1573,r5u9chqh,16,3
1574,7s0ytfed,16,3
1575,q26f8pv4,16,2
1576,0mncitnr,16,1
1577,ol8di8h7,16,1
1578,or5nbobd,16,3
1579,te75jsd3,16,1
1580,yhh3ydok,16,2
1581,z3in6bi2,16,1
1582,clyc1va2,16,2
1583,l78de41z,16,2
1584,pim4d3ke,16,3
1585,kkh4gvp0,16,2
1586,89j0om5b,16,1
1587,yg2fmt42,16,2
1588,8nufgd7r,16,3
1589,vipx6t7e,16,1
1590,tilwqk15,16,2
1591,36fljyl2,16,2
1592,they9j06,16,3
1593,w2kz57pa,16,3
1594,9mvwhanm,16,2
1595,g1ob16b9,16,2
1596,7mzsaz7a,16,1
1597,bbjmcdo5,16,2
1598,agja3onp,16,2
1599,arczqdza,16,3
1600,g5qkgwti,17,5
1601,2nb26vqx,17,2
1602,fxd533b4,17,3
1603,645zegcv,17,5
1604,tmu3whli,17,4
1605,lqqsxhfl,17,5
1606,d3qamwsy,17,5
1607,5p68npdb,17,4
1608,gbwsplgq,17,5
1609,zyzgk2z3,17,4
1610,nulqcpz5,17,2
1611,2irg541b,17,2
1612,dtvzwin8,17,3
1613,v06dpgoi,17,4
1614,4ic2in3i,17,3
1615,affnaoni,17,4
1616,1v353uij,17,2
1617,wp4rch6v,17,4
1618,bhzsfvap,17,4
1619,c22kw6f4,17,3
1620,fk0t13xj,17,4
1621,49it5pha,17,5
1622,stuo7y2w,17,5
1623,ynm7x502,17,5
1624,99hjjqjn,17,4
1625,10bu7iwg,17,5
1626,c4vpg8sw,17,2
1627,616sbeao,17,4
1628,jgr2325q,17,3
1629,mgj9zfft,17,3
1630,7s5b3lpn,17,4
1631,kvztcwu2,17,5
1632,iuqa0yrw,17,5
1633,j6q2q0ko,17,4
1634,0dut9fjn,17,3
1635,bxigtyao,17,4
1636,0bwxcij3,17,4
1637,k52tkf1z,17,4
1638,0k2blp7n,17,4
1639,e9vwsu7r,17,4
1640,sd0an0z3,17,5
1641,bdi8v79t,17,4
1642,eoz1l5fi,17,2
1643,0hlj6r10,17,2
1644,spiud6ok,17,2
1645,divt1n4i,17,5
1646,2s6hpakk,17,2
1647,73hw8922,17,2
1648,942634t2,17,3
1649,531twx5p,17,4
1650,wup6tig0,17,3
1651,t579ysgl,17,3
1652,wi7qdbc7,17,2
1653,fa7s7xj5,17,3
1654,0fegsm1v,17,3
1655,0dddrh4e,17,3
1656,zq8kqf6h,17,3
1657,x6s34z1s,17,4
1658,x4vy5bm8,17,4
1659,xbpko2bt,17,5
1660,7cpxg1b4,17,3
1661,8gnn6l4b,17,2
1662,61cl4k8k,17,3
1663,6nok20vb,17,3
1664,ic937w26,17,2
1665,v96bfnsp,17,1
1666,vpzzsdld,17,3
1667,b7kbyp3s,17,3
1668,e6a8qz45,17,1
1669,onybus5o,17,3
1670,30p8n0vz,17,3
1671,4ac52f72,17,2
1672,yiqdsf9z,17,1
1673,9gftenfz,17,3
1674,r52nev7v,17,1
1675,k9skma4k,17,2
1676,1pi9nccc,17,1
1677,24o2viv3,17,1
1678,j46329o5,17,2
1679,0go1vl9q,17,2
1680,1vimqhdp,17,1
1681,pvvym3z6,17,3
1682,517gka4h,17,1
1683,ke0tkpso,17,3
1684,y5et8pqg,17,2
1685,lntn11a9,17,1
1686,mszzo4o4,17,1
1687,f72hl6du,17,1
1688,hwywzb0a,17,2
1689,6c86edkc,17,3
1690,2fd5op27,17,3
1691,g6hs3ud5,17,1
1692,yci0a6bt,17,2
1693,1023f83a,17,3
1694,cnxgsmvk,17,1
1695,7ip36gt1,17,1
1696,e523mnz1,17,3
1697,dmpoy0b1,17,1
1698,uj5gcvmd,17,2
1699,davndlp8,17,3
1700,254pm5cr,18,2
1701,gi2kswai,18,5
1702,fie121ns,18,5
1703,l8q3hqr3,18,5
1704,pkntgn17,18,2
1705,kkhb2go8,18,5
1706,boto4h8x,18,3
1707,09yxnwzy,18,2
1708,r0ueakuu,18,3
1709,wr2sgixs,18,5
1710,4chfqgrc,18,4
1711,efk5pzov,18,4
1712,10j9cp9c,18,3
1713,e01mkk64,18,4
1714,pjbr6yl2,18,5
1715,8lvzab4i,18,2
1716,sn1a7ikq,18,4
1717,r7me6seg,18,2
1718,i1qcanti,18,5
1719,rw27f7qh,18,2
1720,6p0knj62,18,3
1721,q0onzv1z,18,5
1722,7a0v0wfm,18,2
1723,5tkvsudh,18,3
1724,ynnp2wph,18,5
1725,zmhobi0r,18,5
1726,kl431ev6,18,3
1727,riwplymp,18,4
1728,h2ncyfa5,18,2
1729,8jp7ky3e,18,4
1730,utglk4af,18,4
1731,mmd8ru3r,18,4
1732,qnf7qfjf,18,5
1733,t579ysgl,18,5
1734,d62iuk72,18,3
1735,4s1b3peg,18,5
1736,mig5zt5p,18,3
1737,wi7qdbc7,18,5
1738,zec9pnet,18,3
1739,sxdstw4a,18,5
1740,uylgyhs8,18,3
1741,6r25jl11,18,5
1742,3gj754dq,18,4
1743,ukcxh8qa,18,2
1744,mi6pp5w9,18,2
1745,h74ux547,18,3
1746,lz37rh82,18,3
1747,t1anr8gd,18,3
1748,l78de41z,18,5
1749,a18rch1f,18,3
1750,nzxpo4sd,18,3
1751,bbvxu8op,18,2
1752,ody77u5n,18,3
1753,eflxldnr,18,2
1754,c4vpg8sw,18,5
1755,a3y1rfas,18,3
1756,3ajyr5e4,18,4
1757,942634t2,18,3
1758,k2keaggr,18,3
1759,x4vy5bm8,18,4
1760,fdw1qe9z,18,1
1761,3u77cp37,18,1
1762,hhtym6gn,18,1
1763,2glwghfn,18,2
1764,fec4kt20,18,1
1765,8ljgxnhf,18,1
1766,upuy8wvc,18,1
1767,vcgokgsg,18,1
1768,to4g9he9,18,3
1769,7tewne3a,18,1
1770,suzhg1yd,18,3
1771,omq0becw,18,2
1772,w5basxr0,18,3
1773,adfigzc1,18,1
1774,j326imb8,18,2
1775,upwe0cpj,18,3
1776,hxjxczyr,18,2
1777,t2jwnd7h,18,1
1778,18aq44dx,18,2
1779,jt81i0uc,18,2
1780,t2qpisrn,18,3
1781,yuv8h375,18,1
1782,mlkaowqr,18,1
1783,utg8k7qs,18,2
1784,prsvv6l9,18,3
1785,ffiguxo8,18,3
1786,zhauwxye,18,2
1787,tonaaft2,18,2
1788,09yxnwzy,18,2
1789,scbku3ce,18,1
1790,njlqgih3,18,1
1791,byxuruk1,18,3
1792,um0ds7dh,18,1
1793,1t4xyayf,18,1
1794,wyy6yw2o,18,2
1795,emnln2ix,18,3
1796,0p7cdj5v,18,3
1797,5i84nomn,18,1
1798,kf1fs1ka,18,3
1799,so8xl199,18,1
1800,mwhrlb70,19,4
1801,2p7qrgx0,19,2
1802,hz0t8ovy,19,2
1803,gap5rs40,19,3
1804,davndlp8,19,3
1805,zxe95qy9,19,5
1806,u6dfp6gf,19,5
1807,y0muda95,19,5
1808,rudsvyqd,19,5
1809,vm5zjr64,19,3
1810,e523mnz1,19,3
1811,1kw5v6rm,19,3
1812,t35n7bk9,19,3
1813,4owsb0bg,19,4
1814,yygb25wm,19,2
1815,ookz7r33,19,5
1816,c9ljml1a,19,3
1817,mkwpuav6,19,4
1818,m1cmkkw3,19,5
1819,9r384oxd,19,3
1820,x6m02voy,19,3
1821,ldkeb9xa,19,4
1822,nrq4ncdf,19,2
1823,noscodew,19,3
1824,wtsyzmo0,19,4
1825,uazbc26u,19,5
1826,5qz12dcu,19,2
1827,9cx1gdze,19,3
1828,yt9cldeb,19,4
1829,cin2qol8,19,3
1830,jsez2yrs,19,2
1831,we9syxsq,19,3
1832,f72hl6du,19,3
1833,5cyjk2tm,19,5
1834,d2mb2b3d,19,4
1835,k1hwh640,19,3
1836,2x7dfl1q,19,2
1837,goo993eg,19,3
1838,1pi9nccc,19,5
1839,m7129dcj,19,2
1840,ugpc7fow,19,5
1841,3mt5rtah,19,2
1842,rbrjlz25,19,3
1843,wale2wiu,19,3
1844,bxigtyao,19,2
1845,3b8b8p61,19,3
1846,ecxcw96m,19,5
1847,8r8z0otz,19,4
1848,ugbwvy6j,19,4
1849,d7iwkatn,19,2
1850,3opdptw5,19,3
1851,6iu1dtyl,19,5
1852,yxrokwgu,19,4
1853,l565gha4,19,2
1854,utmt5sva,19,5
1855,tkjkjd7w,19,5
1856,3zh8jmc2,19,2
1857,x4owsq6f,19,3
1858,kjkuet78,19,3
1859,90f9vr0a,19,2
1860,v3548bfn,19,3
1861,j0k00230,19,2
1862,jrnm113q,19,3
1863,hhtym6gn,19,1
1864,boto4h8x,19,2
1865,ap4ro5me,19,3
1866,4rj2agn2,19,3
1867,o0dvwzxk,19,3
1868,iejfgkst,19,3
1869,zc0jypyy,19,1
1870,niii78fr,19,2
1871,o6znx8t8,19,3
1872,wlw8cty8,19,2
1873,neeftptx,19,3
1874,zkudc8ww,19,3
1875,r5u9chqh,19,3
1876,9daqyylb,19,2
1877,sx38h3tx,19,3
1878,gzjnb6yg,19,3
1879,8u8klpbs,19,2
1880,hxjxczyr,19,3
1881,l3ej1hdk,19,2
1882,g7mjit8i,19,3
1883,forh7lw4,19,2
1884,fo5apbjg,19,2
1885,rzzsmuoc,19,2
1886,w7f4rkyv,19,3
1887,1ldebnq8,19,3
1888,pp8fgaog,19,3
1889,9gftenfz,19,2
1890,d7iwkatn,19,1
1891,964tbh7d,19,1
1892,bea9x5j1,19,1
1893,osioowtp,19,1
1894,cinkcrnu,19,1
1895,ilbh8723,19,3
1896,6krujv2m,19,1
1897,d62iuk72,19,1
1898,9vq05yf2,19,2
1899,7tewne3a,19,1
1900,lzhobnch,20,4
1901,dmpoy0b1,20,2
1902,2l31d7ew,20,2
1903,i5jxn1vj,20,3
1904,zwp2ujli,20,2
1905,kdws9vn2,20,3
1906,jrz1yd72,20,5
1907,xkqxawj2,20,5
1908,7an4qw4q,20,2
1909,9lbj9hzx,20,4
1910,qyd6qyjf,20,4
1911,ttgs3ut9,20,4
1912,abnj3iit,20,4
1913,pjbr6yl2,20,3
1914,hrfbygub,20,4
1915,kc1xl0sg,20,2
1916,zwbc7nnn,20,5
1917,zymh8c6w,20,3
1918,mrfvdpmk,20,5
1919,m4t7jwqe,20,4
1920,bmcku2yb,20,4
1921,riwplymp,20,2
1922,kzyxzlrm,20,4
1923,k2a0q9y8,20,2
1924,ckpg9f97,20,3
1925,o0dvwzxk,20,2
1926,vl03ida1,20,5
1927,ruba65p5,20,3
1928,a334btay,20,4
1929,xg1cnlot,20,2
1930,t89df3fd,20,2
1931,s7q1829b,20,4
1932,gvzs9vxr,20,3
1933,uuuzfyjm,20,2
1934,e18licyc,20,3
1935,9uqa39j9,20,2
1936,ajlctjeb,20,2
1937,np9tsmvs,20,4
1938,812uc4w7,20,5
1939,eol5w8ar,20,5
1940,e0wmnfyn,20,3
1941,0wtq1c15,20,5
1942,ndz3oarf,20,3
1943,h3flp86l,20,2
1944,xksczb1h,20,2
1945,rbrjlz25,20,3
1946,rr2wwvue,20,4
1947,lfv0ypjv,20,2
1948,kxtdv6q9,20,4
1949,dgtyacl9,20,5
1950,5616n73p,20,4
1951,i8x62ufi,20,3
1952,c0smzrt6,20,4
1953,8nbqc69q,20,5
1954,ri7v2ka3,20,4
1955,3bozjfv7,20,2
1956,dqjzol31,20,4
1957,bcwcjf01,20,3
1958,4s1b3peg,20,2
1959,ukcxh8qa,20,3
1960,asclastg,20,2
1961,gap5rs40,20,1
1962,z3in6bi2,20,2
1963,ur76wh1x,20,3
1964,fxptfxzl,20,3
1965,ck0xawdc,20,3
1966,82m3w06s,20,3
1967,5s10b9zy,20,1
1968,zvxvoygo,20,3
1969,nycqanco,20,1
1970,t89df3fd,20,2
1971,4qrg6lqu,20,1
1972,l1lq8yga,20,3
1973,toajz9g6,20,1
1974,ikni2acz,20,1
1975,oicbf5l1,20,1
1976,00rk8fb5,20,1
1977,c9ljml1a,20,3
1978,85o1qwma,20,2
1979,pixbry0c,20,2
1980,5uzp3l0r,20,3
1981,rj3bk0y5,20,1
1982,kz9516dn,20,3
1983,rueg4gsj,20,1
1984,navrmhqm,20,1
1985,970934vm,20,2
1986,se4unhi8,20,2
1987,l3z27806,20,3
1988,7v59rutb,20,1
1989,zz4w4jp3,20,1
1990,mooqhax8,20,1
1991,2seyiz3b,20,3
1992,ll5a0urm,20,1
1993,vsgd9v1w,20,3
1994,g5sum116,20,2
1995,47dbqu2r,20,2
1996,4s1b3peg,20,2
1997,la9svzml,20,2
1998,we9syxsq,20,1
1999,apy4zf3h,20,2
2000,lof5hdjy,21,3
2001,s1b080p3,21,5
2002,1pi9nccc,21,2
2003,7tewne3a,21,2
2004,lwirkob3,21,5
2005,utigp2vi,21,4
2006,xq7wcxjy,21,2
2007,w731ehtz,21,2
2008,erjm73e1,21,4
2009,9cx1gdze,21,4
2010,yt9cldeb,21,2
2011,v3w1wi5c,21,3
2012,izea05z4,21,5
2013,u5o6fq24,21,3
2014,5z3s5pjl,21,4
2015,0ybn2igj,21,5
2016,nmyyt51x,21,4
2017,g7pigmgc,21,2
2018,uwez578q,21,2
2019,uj4ymadl,21,3
2020,5ac8srk7,21,3
2021,53u2fp4e,21,3
2022,732xcksz,21,2
2023,aghh3orn,21,3
2024,zuap37po,21,2
2025,utg8k7qs,21,2
2026,lgtgs4fy,21,5
2027,pebc17zw,21,2
2028,p1yr4zqq,21,2
2029,nag4at49,21,4
2030,wi7qdbc7,21,3
2031,e1yzrc6n,21,2
2032,3zh8jmc2,21,5
2033,m2fsrwvw,21,2
2034,yy77veid,21,3
2035,cys40jvv,21,2
2036,fa7s7xj5,21,4
2037,rd0g5j55,21,2
2038,dpcgl6ig,21,4
2039,uylgyhs8,21,5
2040,6r25jl11,21,2
2041,s50g754b,21,4
2042,bbeznd3r,21,3
2043,fk9ww8tm,21,4
2044,1egushdn,21,5
2045,5uzp3l0r,21,5
2046,ebcj0hw1,21,5
2047,ody77u5n,21,4
2048,p5ohjzhs,21,4
2049,zi7m3eto,21,3
2050,x6s34z1s,21,5
2051,kxtdv6q9,21,2
2052,3ajyr5e4,21,5
2053,0q2ky9gd,21,2
2054,y2knt8g0,21,2
2055,i70ztypg,21,2
2056,cijyfa4j,21,3
2057,l565gha4,21,2
2058,942634t2,21,5
2059,x4vy5bm8,21,4
2060,atab7t3f,21,1
2061,wk2u2a9w,21,2
2062,gd656u2q,21,2
2063,0mtmodmo,21,2
2064,y2nhss9u,21,2
2065,cin2qol8,21,3
2066,m1x3t7r0,21,3
2067,aofirvc8,21,1
2068,dd98qb6d,21,2
2069,cobv635z,21,1
2070,n1yvrcqg,21,2
2071,zdb0xjic,21,3
2072,wfkk7dsm,21,3
2073,ga3mk6be,21,1
2074,06glboqq,21,3
2075,tdbt82jd,21,3
2076,f0vud3gu,21,3
2077,m8ktaq1w,21,1
2078,xlrnhmon,21,2
2079,v22k72tw,21,2
2080,qkedjzqs,21,3
2081,1tqgnudg,21,1
2082,l9ozvlae,21,1
2083,pp06m5xk,21,1
2084,oz7hras7,21,2
2085,rafwlw0t,21,1
2086,usvz287e,21,3
2087,l9862er0,21,2
2088,7xauocti,21,3
2089,riwplymp,21,1
2090,7v59rutb,21,2
2091,b6l0qshz,21,2
2092,ov3bv7qo,21,1
2093,jjuxcd11,21,3
2094,r938lfrr,21,1
2095,ukzpcmhs,21,3
2096,nj1ub77s,21,2
2097,64p3wpav,21,2
2098,ygg093ns,21,3
2099,5gp8wg9w,21,1
2100,zhauwxye,22,2
2101,snqdma0s,22,2
2102,ff3j7i7i,22,2
2103,jirwy2kj,22,5
2104,a564l6vs,22,3
2105,vqoxd64i,22,2
2106,ur76wh1x,22,5
2107,cu6nmjoj,22,4
2108,dg90gulb,22,3
2109,vqid0szp,22,4
2110,59i3jert,22,3
2111,od3o9s04,22,5
2112,ue9azoyf,22,3
2113,tihc3ldd,22,5
2114,tu7eufzd,22,5
2115,9xqv9u57,22,5
2116,e5ihpe4i,22,5
2117,0jfvik7w,22,5
2118,5w5p7fe2,22,5
2119,cwzpb8fu,22,3
2120,yv9zv5u4,22,4
2121,wale2wiu,22,2
2122,4cvy9u28,22,5
2123,wcm40guc,22,5
2124,pyy1ega9,22,2
2125,l7rn00vq,22,4
2126,zudnu71a,22,4
2127,kgvcu8nf,22,3
2128,hwywzb0a,22,2
2129,jo883b0y,22,2
2130,gz4ur4xb,22,5
2131,g0ke3xh1,22,4
2132,5hrydciz,22,4
2133,t579ysgl,22,4
2134,zyyuennc,22,4
2135,67ao8chx,22,4
2136,zec9pnet,22,3
2137,e1yzrc6n,22,5
2138,e9vwsu7r,22,4
2139,kjvzq2cn,22,4
2140,rb9xdzro,22,4
2141,0fegsm1v,22,3
2142,dpcgl6ig,22,2
2143,nd1syatu,22,3
2144,mi6pp5w9,22,3
2145,mu9jt1ul,22,4
2146,gebg8z4f,22,5
2147,795wuqz5,22,5
2148,l78de41z,22,3
2149,2x7dfl1q,22,3
2150,ody77u5n,22,2
2151,eflxldnr,22,2
2152,f1xxpg2d,22,5
2153,ey5xmb8a,22,5
2154,a3y1rfas,22,2
2155,gnbpngef,22,5
2156,x4owsq6f,22,4
2157,i70ztypg,22,5
2158,90f9vr0a,22,3
2159,x4vy5bm8,22,2
2160,mdej7nhj,22,2
2161,8i2dt35l,22,3
2162,sabz03c0,22,3
2163,66r1k03d,22,2
2164,d4zavkcn,22,1
2165,ypefqm71,22,2
2166,lad8ovi6,22,3
2167,yoog0kft,22,3
2168,qyd6qyjf,22,1
2169,muozucj7,22,2
2170,gklyk0me,22,1
2171,3raox8db,22,1
2172,mrvjd7pf,22,3
2173,99bhj7ft,22,2
2174,hqo2p060,22,1
2175,6c3zb3g4,22,3
2176,qfl3i7c6,22,2
2177,oc5e4q5a,22,2
2178,k7x5pdhb,22,3
2179,4hlcxccy,22,1
2180,v4r5d26a,22,2
2181,7uy98rfk,22,2
2182,as03o4rl,22,1
2183,d93d3mds,22,2
2184,fn929z9y,22,1
2185,o7ttiu97,22,1
2186,la9svzml,22,1
2187,8ikut006,22,3
2188,xf0pmog4,22,1
2189,j36voasl,22,1
2190,icp5iuwb,22,2
2191,78395e3t,22,2
2192,ik4ps0qn,22,1
2193,30oad29g,22,2
2194,k2vbgqk7,22,2
2195,gao6kbx1,22,1
2196,ov3ikon5,22,3
2197,jzwwses4,22,2
2198,riwplymp,22,1
2199,ffiguxo8,22,3
2200,pkjpmj8i,23,4
2201,oqte7dx2,23,5
2202,ysbnv3fb,23,4
2203,ookz7r33,23,2
2204,86lh3vc3,23,4
2205,tvhybr82,23,3
2206,i289urz8,23,5
2207,6d9x0xbj,23,3
2208,s74p51m3,23,5
2209,3qb1ym4w,23,3
2210,rd0g5j55,23,5
2211,h48mzc8e,23,4
2212,l4fauo0l,23,5
2213,puj74k7y,23,3
2214,zc7gw1d8,23,4
2215,kvztcwu2,23,2
2216,ztqjo13e,23,4
2217,akkpf0u1,23,4
2218,lkoyrv3s,23,5
2219,9m9mqicn,23,5
2220,tkjkjd7w,23,2
2221,cai6tqxq,23,5
2222,b9dk07tk,23,2
2223,ggtxuulg,23,5
2224,w8j1ucie,23,3
2225,to4g9he9,23,5
2226,ukcxh8qa,23,2
2227,m9hmv8c8,23,5
2228,2ma564ej,23,4
2229,t6l692zu,23,4
2230,yxrokwgu,23,5
2231,jeovutam,23,2
2232,khzhldt5,23,4
2233,5xk3z4ck,23,5
2234,r2fkckdx,23,4
2235,4eh22ek7,23,2
2236,isrb4y3p,23,3
2237,qlwzl5mq,23,5
2238,utmt5sva,23,4
2239,6ek80l79,23,2
2240,y2knt8g0,23,4
2241,bcwcjf01,23,4
2242,67ao8chx,23,4
2243,h90315q5,23,4
2244,k2keaggr,23,4
2245,gssdjsrx,23,4
2246,6ypvcpfn,23,4
2247,zq8kqf6h,23,4
2248,795wuqz5,23,2
2249,fk9ww8tm,23,2
2250,5448qbjw,23,2
2251,ebcj0hw1,23,4
2252,a18rch1f,23,2
2253,1zjrunzc,23,2
2254,bbvxu8op,23,3
2255,zi7m3eto,23,3
2256,01wsevuu,23,4
2257,rbrjlz25,23,3
2258,awn9ayy6,23,2
2259,90f9vr0a,23,5
2260,ps5zac1t,23,2
2261,beqbgots,23,2
2262,2mfbqs8i,23,3
2263,jcvrqeew,23,2
2264,00rk8fb5,23,3
2265,vyb5agwk,23,1
2266,4ylv92td,23,2
2267,u8zjzqbr,23,3
2268,gxffgvwl,23,3
2269,htmnmiqz,23,1
2270,qxujzgqg,23,3
2271,34je017c,23,1
2272,z5w56zeq,23,1
2273,k7x5pdhb,23,3
2274,h48mzc8e,23,3
2275,gbf3ivzc,23,2
2276,fg0svwx9,23,3
2277,prrfm4cm,23,2
2278,mae0rxi2,23,3
2279,ivl1e9vd,23,1
2280,cyrijv7b,23,1
2281,nzk8m912,23,1
2282,c79vwr6t,23,2
2283,7s6283y5,23,2
2284,ef87c4ej,23,3
2285,l8k34gh1,23,1
2286,ykf01wu4,23,2
2287,imp7icud,23,1
2288,bdi8v79t,23,2
2289,yp5d29fk,23,3
2290,2528jrn6,23,1
2291,s471nmfj,23,1
2292,feohfmbo,23,1
2293,98pr8yed,23,3
2294,e1sfuv1n,23,1
2295,yvd1n42f,23,1
2296,bkbk7h78,23,3
2297,2r62jqsx,23,2
2298,vk7dsy4r,23,1
2299,n9sih438,23,3
2300,giw4z3ei,24,4
2301,skambgbi,24,5
2302,ntokyoai,24,2
2303,qvjw4gt9,24,2
2304,fmgpemja,24,4
2305,xlnxtvjf,24,3
2306,mbzh5nkf,24,4
2307,yu6mw601,24,5
2308,e2p2e8rl,24,5
2309,1s40oku4,24,5
2310,ql8zib6o,24,5
2311,wesyiymn,24,3
2312,zlq4hucn,24,3
2313,z9l34c04,24,5
2314,syhxrb1k,24,5
2315,5e7xrd1y,24,3
2316,0pi042qi,24,5
2317,nd1syatu,24,5
2318,09locmnw,24,2
2319,wt2gctys,24,5
2320,ht9078sv,24,5
2321,mmpijsqb,24,5
2322,bylmvtiz,24,4
2323,u8zjzqbr,24,3
2324,5j496cx0,24,3
2325,a04e06zy,24,4
2326,rbjps3oe,24,5
2327,x11t9pbv,24,2
2328,cge5uve3,24,3
2329,b9dk07tk,24,3
2330,dpcgl6ig,24,3
2331,z313zltg,24,3
2332,6r25jl11,24,3
2333,08ckv4r1,24,5
2334,5fl0rk90,24,5
2335,h74ux547,24,5
2336,ta1i0ata,24,5
2337,e6h8n8qm,24,5
2338,kjkuet78,24,2
2339,s50g754b,24,2
2340,bbeznd3r,24,2
2341,l78de41z,24,5
2342,tex6bgab,24,5
2343,fk9ww8tm,24,2
2344,5448qbjw,24,4
2345,1egushdn,24,2
2346,5uzp3l0r,24,2
2347,ebcj0hw1,24,5
2348,812uc4w7,24,4
2349,0dddrh4e,24,5
2350,zi7m3eto,24,5
2351,a3y1rfas,24,4
2352,x6s34z1s,24,5
2353,3ajyr5e4,24,3
2354,gnbpngef,24,4
2355,t0ij21io,24,5
2356,k0mdkews,24,5
2357,90f9vr0a,24,3
2358,l565gha4,24,4
2359,0q2ky9gd,24,3
2360,89u7de3i,24,2
2361,6ylqnp5n,24,2
2362,dy21jno8,24,1
2363,rleyeuvp,24,2
2364,7vmevd9g,24,1
2365,oluq7v0h,24,3
2366,r3jknvmk,24,1
2367,z11eyby6,24,3
2368,wtestt8i,24,3
2369,a1t74jsm,24,2
2370,dg3pfydf,24,1
2371,zwfxnd7r,24,3
2372,vixb9v8v,24,1
2373,8cn5ewtz,24,3
2374,2sr6ds4r,24,1
2375,3gz4dyie,24,3
2376,97xah833,24,2
2377,ndsc0rif,24,2
2378,qdfrjvu1,24,3
2379,mj63cvwe,24,2
2380,4fmcwf9x,24,2
2381,i9arl3oi,24,2
2382,oveybgbc,24,3
2383,4eh22ek7,24,2
2384,3pnuzxqv,24,1
2385,n297c39q,24,2
2386,2ykzxu1z,24,3
2387,rueg4gsj,24,3
2388,yq7iwp42,24,3
2389,4cniomio,24,1
2390,kf6cwx9k,24,2
2391,zaeg1ujv,24,3
2392,ycdaw2vh,24,3
2393,lbhghilo,24,1
2394,06kffdm5,24,3
2395,w98pwltg,24,2
2396,fdb6az0v,24,1
2397,drhl264f,24,1
2398,vg42z900,24,2
2399,1bsoc3rq,24,2
2400,7wuhtsep,25,2
2401,davndlp8,25,4
2402,u6dfp6gf,25,3
2403,vm5zjr64,25,3
2404,cu6nmjoj,25,2
2405,goo993eg,25,4
2406,rl5a7cnk,25,3
2407,uz8af9lj,25,4
2408,k53e8r3h,25,5
2409,ef87c4ej,25,5
2410,lkoyrv3s,25,4
2411,bmdnqgvu,25,5
2412,35b30x24,25,4
2413,a7oqm956,25,5
2414,zyaj90nh,25,5
2415,wtpo1xvw,25,4
2416,kzyxzlrm,25,4
2417,beqvgdjo,25,2
2418,lx2v5co7,25,4
2419,newf1dqx,25,5
2420,e1aodl9u,25,3
2421,3jnkki5z,25,4
2422,r8m6cgv8,25,4
2423,3hs4f022,25,2
2424,m8ktaq1w,25,3
2425,gzxu7nkh,25,4
2426,wcyv6w47,25,3
2427,nz06v56o,25,5
2428,ftp67lkq,25,5
2429,m4k20i7g,25,3
2430,qav5okgk,25,4
2431,nr2xmcs0,25,5
2432,divt1n4i,25,2
2433,nwsvjwkc,25,5
2434,zuvy8htp,25,3
2435,8yu5j496,25,5
2436,kcstk4vq,25,4
2437,4eh22ek7,25,2
2438,a9f6hh7t,25,3
2439,bujydnde,25,4
2440,xteeybsj,25,5
2441,utglk4af,25,2
2442,gaemgm0t,25,3
2443,zq387qo8,25,3
2444,rd0g5j55,25,2
2445,uylgyhs8,25,2
2446,z313zltg,25,5
2447,va15szxu,25,5
2448,xu94pe3d,25,2
2449,5fl0rk90,25,3
2450,mi6pp5w9,25,3
2451,mu9jt1ul,25,5
2452,tex6bgab,25,5
2453,p5ohjzhs,25,3
2454,0dddrh4e,25,5
2455,f1xxpg2d,25,2
2456,a3y1rfas,25,5
2457,3ajyr5e4,25,5
2458,xbpko2bt,25,4
2459,ttyo4z6f,25,3
2460,qb9ewpzd,25,3
2461,zhjp3bd2,25,1
2462,k7cosg5s,25,2
2463,30oad29g,25,3
2464,3omybzhz,25,3
2465,2a51n8ym,25,1
2466,6ylqnp5n,25,3
2467,1qtqergw,25,2
2468,g4puurhk,25,1
2469,ahuzdwtk,25,3
2470,zfz98etw,25,1
2471,y0ilkxzy,25,3
2472,9r20hxks,25,1
2473,d804yrhk,25,1
2474,6nok20vb,25,3
2475,p6bktqvh,25,3
2476,cgbb96pz,25,1
2477,afwxps4b,25,2
2478,k7x5pdhb,25,3
2479,bs9t0kf6,25,3
2480,qwrdr92h,25,3
2481,vrd89yk0,25,2
2482,tf9y0xlt,25,3
2483,mzcvilbw,25,3
2484,jigc7nr7,25,1
2485,ppzxvykb,25,1
2486,rwnbxmt4,25,1
2487,u1xa44nw,25,2
2488,j4hvyyoi,25,2
2489,4vgnzvag,25,2
2490,hnk7ok3f,25,1
2491,b7wp0gqn,25,3
2492,ofsjs3nn,25,1
2493,1s44e2le,25,1
2494,m6abyuvx,25,2
2495,9m9mqicn,25,2
2496,oqte7dx2,25,2
2497,8pp9kou2,25,1
2498,5p4ektzv,25,3
2499,0sxl6f1r,25,2
2500,eyxuyjbe,26,3
2501,22rf9kuq,26,4
2502,t7004uw2,26,4
2503,kw8psrmz,26,3
2504,5s10b9zy,26,4
2505,4tgsiuxg,26,2
2506,fcffl6m4,26,4
2507,htkshaqk,26,3
2508,uyoerxvu,26,3
2509,2lz03oqb,26,4
2510,7vlhs8ea,26,3
2511,9g8rwsm1,26,2
2512,yjwm84ub,26,2
2513,pixbry0c,26,2
2514,uywz5nqw,26,2
2515,bkbk7h78,26,4
2516,dxhhf0th,26,4
2517,v9uevz3l,26,3
2518,gbdaad4l,26,4
2519,tilwqk15,26,2
2520,jiy4cp4n,26,2
2521,vk7dsy4r,26,4
2522,66r1k03d,26,5
2523,d7hetoq0,26,5
2524,k2monfg0,26,5
2525,cixdw87l,26,3
2526,ec1uq448,26,4
2527,bdcjw336,26,2
2528,1rhy8td0,26,2
2529,gfqbdj0h,26,2
2530,mooqhax8,26,4
2531,84hphtps,26,4
2532,yxtdqjay,26,5
2533,erofmh39,26,2
2534,1zf38rzc,26,5
2535,0c5c2sze,26,3
2536,vi6rth9o,26,2
2537,qhhdjgeq,26,5
2538,owwj24sx,26,5
2539,qutbqcwb,26,3
2540,d6ycc8ci,26,4
2541,wwuqxx1r,26,5
2542,wi7qdbc7,26,3
2543,z2u5frvq,26,4
2544,ppzc7vij,26,2
2545,jk7cn1p3,26,4
2546,dhmw6m7k,26,2
2547,1tcpaigw,26,3
2548,sccd23l3,26,3
2549,nr2xmcs0,26,4
2550,a18rch1f,26,4
2551,4eh22ek7,26,2
2552,utmt5sva,26,2
2553,xteeybsj,26,5
2554,cys40jvv,26,4
2555,3gj754dq,26,4
2556,mi6pp5w9,26,5
2557,y2knt8g0,26,3
2558,l78de41z,26,3
2559,bxigtyao,26,3
2560,134qz0aw,26,2
2561,ie22xisg,26,1
2562,o43cfrfh,26,1
2563,ycxyn2a2,26,3
2564,s1b080p3,26,1
2565,wrru98zg,26,1
2566,xlnxtvjf,26,3
2567,i4ig9k3s,26,1
2568,u5w19iym,26,2
2569,dy7djsah,26,1
2570,iif2lnez,26,2
2571,1v6nf28a,26,1
2572,bjtxf1y8,26,1
2573,srxo19hg,26,3
2574,x7dqe8qa,26,2
2575,zf1g6x34,26,3
2576,06glboqq,26,3
2577,8au24p7l,26,2
2578,13v4qvhg,26,1
2579,fyztb8d9,26,2
2580,awn9ayy6,26,2
2581,dbc83xjw,26,2
2582,g7mjit8i,26,2
2583,rhld75dy,26,1
2584,yupm6smb,26,3
2585,h3btnnux,26,2
2586,5s10b9zy,26,3
2587,pof78bwb,26,2
2588,4yfohp9w,26,2
2589,cpz8yb16,26,1
2590,jb8228vn,26,1
2591,a4w2nnos,26,1
2592,zvyg2dzw,26,2
2593,241229pt,26,1
2594,pl2ur9qc,26,2
2595,wdops7ev,26,2
2596,xag1cfw5,26,2
2597,xzoizser,26,1
2598,mbv7pk21,26,1
2599,g0ke3xh1,26,3
2600,gagakqw4,27,3
2601,r0ueakuu,27,4
2602,hcol9yly,27,4
2603,wbh06gzb,27,5
2604,bjjft7ut,27,2
2605,qmc3px7i,27,5
2606,7cpxg1b4,27,2
2607,1aezgrn2,27,2
2608,g33pla7t,27,5
2609,qtobz75n,27,2
2610,t14wnsi1,27,3
2611,zuap37po,27,3
2612,bkax1pz1,27,4
2613,rk7l3uq3,27,2
2614,0ozhye9q,27,4
2615,azvscejw,27,3
2616,3raox8db,27,5
2617,kqcx7lrq,27,5
2618,9zxftrgc,27,2
2619,93my9qqe,27,4
2620,onzqj42e,27,4
2621,qjmyc2tu,27,4
2622,t8547tse,27,4
2623,xij0zoen,27,3
2624,zlxne5tj,27,4
2625,vxk7uqlc,27,5
2626,hwlvk68z,27,4
2627,t6cnjwpd,27,4
2628,29nj4f05,27,4
2629,2ygb80sc,27,2
2630,cgiok0ce,27,5
2631,u5o6fq24,27,3
2632,jm3uzg2i,27,3
2633,cl23zuai,27,4
2634,juj5ku3b,27,3
2635,z9mg639h,27,4
2636,weiqdxi7,27,3
2637,7qd03xfi,27,2
2638,cc5thj1g,27,5
2639,m480ocdo,27,2
2640,gcjgfasj,27,2
2641,lfvso15k,27,3
2642,am5mbqbs,27,2
2643,ul8wjrmy,27,4
2644,prrfm4cm,27,4
2645,ee7q7jhv,27,5
2646,ya0siivm,27,2
2647,qr6ukfti,27,3
2648,n3o8lwu4,27,2
2649,z65xxk1f,27,3
2650,ku2dsy4f,27,4
2651,eu4vlfui,27,2
2652,2p7qrgx0,27,4
2653,snqdma0s,27,5
2654,91lzomwp,27,4
2655,nofojf8m,27,5
2656,yqtjxuv8,27,5
2657,nomco7bv,27,4
2658,3ivoabj1,27,2
2659,8s4bsnlw,27,4
2660,f8ptue03,27,1
2661,6m4q219k,27,3
2662,ql6zo8ka,27,2
2663,m3y35ozx,27,1
2664,0dut9fjn,27,3
2665,lkoyrv3s,27,3
2666,rw27f7qh,27,2
2667,7wuhtsep,27,2
2668,y1nr8y25,27,2
2669,rwnbxmt4,27,3
2670,99hjjqjn,27,2
2671,rrfl8uuz,27,3
2672,7v5xl1s3,27,1
2673,8is9x9sc,27,2
2674,a9wmor1i,27,1
2675,pebc17zw,27,1
2676,clliu6n8,27,2
2677,rpoh23cx,27,1
2678,4voov33i,27,3
2679,l8q3hqr3,27,2
2680,crjwej14,27,1
2681,mtk3qxue,27,2
2682,pdjsy9a0,27,3
2683,5kqtxh6t,27,3
2684,36neb5nu,27,3
2685,jsvcjlz7,27,1
2686,1rw05x6m,27,2
2687,jppa2pbw,27,1
2688,ll5a0urm,27,1
2689,29x2i5a1,27,1
2690,lx8lowf7,27,3
2691,uylgyhs8,27,2
2692,1dx2ox4n,27,1
2693,e3522foi,27,3
2694,zx6m2zgi,27,2
2695,cobv635z,27,3
2696,wvjng5zd,27,3
2697,g5vrnn8v,27,1
2698,141u6ax7,27,3
2699,2brelywe,27,2
2700,zwfxnd7r,28,4
2701,1aptufp6,28,3
2702,ltbqowhv,28,2
2703,yjcd5nb5,28,3
2704,ifebw24e,28,5
2705,k676puoq,28,4
2706,l2dc9x12,28,5
2707,tg6s41y3,28,2
2708,b9wq9gj6,28,4
2709,pcbomahu,28,5
2710,a9o2dvke,28,3
2711,7ip36gt1,28,3
2712,22veehj5,28,5
2713,3lg076wx,28,2
2714,zlq4hucn,28,4
2715,8s4bsnlw,28,5
2716,ivl5i3kz,28,5
2717,ff3j7i7i,28,3
2718,3ha96who,28,2
2719,4oi8ahif,28,4
2720,csan4wwk,28,2
2721,iaceti4b,28,2
2722,5e7xrd1y,28,4
2723,q4qkxp5u,28,3
2724,c1r10fy6,28,2
2725,gnnd0zmo,28,3
2726,rleyeuvp,28,3
2727,8iysset3,28,3
2728,g42p98ku,28,3
2729,6ialz79k,28,5
2730,llstohys,28,5
2731,r8fmq65g,28,5
2732,hgx0bfbz,28,3
2733,vmh3kfpp,28,3
2734,7cpxg1b4,28,4
2735,4z38v9rg,28,5
2736,8y24j34j,28,4
2737,07dlf3zw,28,3
2738,byxuruk1,28,3
2739,isw6jeir,28,4
2740,v5surcw0,28,4
2741,yci0a6bt,28,4
2742,7d4blht3,28,3
2743,2528jrn6,28,2
2744,pzbhq26m,28,4
2745,dd98qb6d,28,4
2746,fhm8abxp,28,3
2747,n25wnmq5,28,3
2748,tbhvm42b,28,5
2749,f6anradb,28,5
2750,k52tkf1z,28,2
2751,bhlxglyd,28,4
2752,1t4xyayf,28,5
2753,9zmyojbu,28,4
2754,6iu1dtyl,28,3
2755,utglk4af,28,2
2756,sxdstw4a,28,3
2757,wrru98zg,28,2
2758,kjkuet78,28,2
2759,1egushdn,28,4
2760,9egy68c0,28,2
2761,bynpfepe,28,3
2762,22ylifqo,28,1
2763,vqid0szp,28,1
2764,efk5pzov,28,2
2765,ixv1snkw,28,2
2766,ovoli9dr,28,2
2767,2x7dfl1q,28,2
2768,9pgm9hcw,28,1
2769,rn5gn7pw,28,2
2770,gki4dk16,28,3
2771,qz68gtd4,28,3
2772,oq7pim3b,28,2
2773,3ha96who,28,3
2774,v8lpw4r7,28,2
2775,8zu7nvt4,28,2
2776,ebx603bn,28,1
2777,33zi29bg,28,1
2778,jkg7qkj6,28,3
2779,p4exyu56,28,3
2780,2r62jqsx,28,1
2781,mbv7pk21,28,2
2782,6gi3o5mu,28,3
2783,d3qamwsy,28,2
2784,mxjtj5c0,28,1
2785,cn7qo7hb,28,1
2786,k7x5pdhb,28,1
2787,kaf75ng9,28,2
2788,2gr4n3ld,28,3
2789,w771kjvk,28,2
2790,5vpzgzvz,28,2
2791,s50g754b,28,1
2792,nquw7qga,28,3
2793,qmpnal06,28,3
2794,vhiwrhkb,28,1
2795,oqte7dx2,28,1
2796,0r1lab9s,28,2
2797,wdops7ev,28,3
2798,zss38mct,28,3
2799,m6abyuvx,28,2
2800,r0rfjs05,29,5
2801,li48ej86,29,5
2802,qt8ocxtr,29,5
2803,9717nzr7,29,2
2804,9pncgls8,29,2
2805,feohfmbo,29,5
2806,xrsyj1tc,29,4
2807,c6elsnag,29,5
2808,k3m72uxw,29,2
2809,umx793cw,29,2
2810,566uoozj,29,3
2811,f1xxpg2d,29,2
2812,v8lpw4r7,29,3
2813,ge7qt256,29,3
2814,tkxpjlyn,29,2
2815,mw5jbl0v,29,5
2816,gxffgvwl,29,5
2817,w731ehtz,29,4
2818,v22k72tw,29,3
2819,dr1ym2mb,29,2
2820,rb098rnu,29,3
2821,fo5naae7,29,5
2822,c95tamvw,29,5
2823,9zka7t9d,29,5
2824,cim8sfda,29,5
2825,5vklxexq,29,2
2826,3o6uoxod,29,5
2827,2qi4aibx,29,3
2828,sbnnh2mm,29,3
2829,zc0jypyy,29,3
2830,wwuqxx1r,29,5
2831,fhm8abxp,29,5
2832,mx4t6s6n,29,2
2833,utsvsja0,29,4
2834,1jcwfu8n,29,3
2835,ppzc7vij,29,2
2836,bu43gmpc,29,2
2837,tu50ab1b,29,4
2838,mwfr5tzf,29,4
2839,lrtt9r1h,29,2
2840,moln6ues,29,2
2841,wkizpbcz,29,2
2842,isrb4y3p,29,2
2843,utmt5sva,29,2
2844,91uj6sph,29,5
2845,5hrydciz,29,3
2846,3zh8jmc2,29,2
2847,e1yzrc6n,29,4
2848,e9vwsu7r,29,4
2849,kjvzq2cn,29,5
2850,uylgyhs8,29,2
2851,sphe2ely,29,2
2852,1egushdn,29,2
2853,a18rch1f,29,4
2854,eflxldnr,29,3
2855,ey5xmb8a,29,2
2856,awn9ayy6,29,3
2857,cz85adrw,29,5
2858,xbpko2bt,29,2
2859,c4vpg8sw,29,3
2860,fpdrtco8,29,2
2861,o2kzb94o,29,1
2862,gt3v8km1,29,2
2863,ek3baj4i,29,1
2864,d22fs0fx,29,2
2865,ajfgwe3o,29,3
2866,10p3mth2,29,1
2867,m2fsrwvw,29,2
2868,a0kh4kap,29,3
2869,gc84k214,29,2
2870,afgvzxfx,29,2
2871,bxeoso4k,29,1
2872,9vw76cic,29,1
2873,8ect1x81,29,2
2874,xntqevam,29,2
2875,lkoyrv3s,29,1
2876,y7amwfrt,29,3
2877,u8zjzqbr,29,2
2878,cw4fq9ri,29,1
2879,5w5p7fe2,29,1
2880,hcol9yly,29,2
2881,khzhldt5,29,1
2882,jvxv7y1b,29,1
2883,xlnxtvjf,29,3
2884,yzloau0d,29,3
2885,2zsl30yu,29,1
2886,z1b7pj3s,29,3
2887,59nznqsd,29,3
2888,pr8za61l,29,2
2889,xfwojl20,29,2
2890,snfsaont,29,2
2891,xp6nf1yu,29,1
2892,9idv3n54,29,3
2893,tx4acpgq,29,2
2894,02r8i5n1,29,2
2895,4voov33i,29,1
2896,ozl52dok,29,2
2897,jirwy2kj,29,1
2898,d4fymkg9,29,1
2899,8i2dt35l,29,3
2900,og6wzc67,30,5
2901,nnoni7qb,30,2
2902,u1qbf9s7,30,4
2903,184kiuah,30,3
2904,bdw5ke4i,30,4
2905,vk7dsy4r,30,5
2906,a04veokb,30,4
2907,p3gytbcr,30,3
2908,7p3b6tyf,30,5
2909,c8yzoen7,30,5
2910,4g2p4rcd,30,4
2911,vnxnjgx1,30,3
2912,wifs97yy,30,3
2913,hww0watl,30,4
2914,wp4rch6v,30,5
2915,rrscfo33,30,3
2916,gcjgfasj,30,2
2917,ivx3xi0y,30,3
2918,0yh5k6jk,30,4
2919,otqv6hzf,30,4
2920,tazd6dvm,30,2
2921,517gka4h,30,2
2922,h3yxymh3,30,2
2923,iuglkdcp,30,4
2924,y331nw54,30,2
2925,0gtkqn81,30,5
2926,0jx6mwiw,30,2
2927,gt2pwc9b,30,3
2928,xflo7uyv,30,5
2929,zvnqiy9p,30,5
2930,bjg20xnk,30,4
2931,fdfm52s1,30,5
2932,1s9p61if,30,2
2933,j7fx64k1,30,3
2934,6p0knj62,30,4
2935,jwcgf3op,30,5
2936,idffrnac,30,5
2937,wwuqxx1r,30,2
2938,e6h8n8qm,30,5
2939,6v3ojnl8,30,5
2940,gsdk5x3e,30,3
2941,hwywzb0a,30,4
2942,mae0rxi2,30,2
2943,bzwfs0i5,30,5
2944,6gi3o5mu,30,3
2945,226ne81d,30,5
2946,06o7pa3d,30,2
2947,nv6943pm,30,2
2948,eoz1l5fi,30,2
2949,kcstk4vq,30,5
2950,5hrydciz,30,4
2951,7pbfxcmp,30,2
2952,tmu3whli,30,4
2953,ta1i0ata,30,4
2954,tex6bgab,30,5
2955,zi7m3eto,30,5
2956,x6s34z1s,30,3
2957,gnbpngef,30,5
2958,i70ztypg,30,2
2959,xbpko2bt,30,3
2960,jbain7n6,30,2
2961,uofygmeu,30,1
2962,yzan95du,30,1
2963,rbrjlz25,30,3
2964,9zxftrgc,30,3
2965,3m0dyfsk,30,3
2966,97lhnn4y,30,3
2967,cj4zlr3c,30,1
2968,6k41sqxy,30,1
2969,gilnlwms,30,2
2970,0wtq1c15,30,2
2971,aso63o3p,30,1
2972,8olbj1l8,30,3
2973,5qz12dcu,30,2
2974,4knbd4xy,30,3
2975,84hphtps,30,1
2976,913cylpi,30,2
2977,ee7lhyzr,30,2
2978,9e9523i8,30,2
2979,pq1vaknj,30,1
2980,pe0dqif1,30,1
2981,32zroj99,30,2
2982,vsgd9v1w,30,3
2983,1xgjdhkx,30,2
2984,qw1e5cof,30,3
2985,pc4x5e24,30,2
2986,j0p7kwh6,30,2
2987,80uhkmny,30,1
2988,zl1s82yi,30,3
2989,zi7m3eto,30,3
2990,db9bwoel,30,1
2991,anp238gu,30,2
2992,r9gtw3cl,30,2
2993,xguvylqk,30,1
2994,aj8nxi3x,30,2
2995,imxe4jeo,30,3
2996,qbya6uj3,30,1
2997,05u4t67u,30,3
2998,sybnnma7,30,2
2999,ciuhyhb8,30,2
3000,1njrh5n5,31,5
3001,o1x05kni,31,4
3002,phl9ooma,31,5
3003,j9csyc3j,31,3
3004,td2uk2wc,31,5
3005,sklwt76a,31,4
3006,0sxl6f1r,31,5
3007,m4t7jwqe,31,2
3008,bzex0385,31,3
3009,mudtccfe,31,4
3010,wf0vonkn,31,5
3011,bhlxglyd,31,5
3012,24lz9tf1,31,2
3013,e523mnz1,31,3
3014,4i3c9vbs,31,4
3015,4szweuku,31,5
3016,63rzzos3,31,3
3017,rpoh23cx,31,4
3018,uvs3waq5,31,3
3019,byp2eqhd,31,4
3020,bbvxu8op,31,2
3021,fw6q4qpq,31,2
3022,ssrs0cwf,31,5
3023,okp8ofl0,31,2
3024,o2kzb94o,31,2
3025,tvhybr82,31,5
3026,w6q1x1zs,31,5
3027,pjv3wy80,31,3
3028,jzfl4xuk,31,3
3029,sfshosp0,31,2
3030,r7y1cqou,31,5
3031,fsbemdry,31,5
3032,iaktm72a,31,3
3033,pbahviaz,31,3
3034,gcmpatlb,31,3
3035,99bmn9oo,31,2
3036,3wvuudhd,31,2
3037,mwcm2gzc,31,4
3038,bufbjdmw,31,5
3039,va77ivw7,31,3
3040,5h6monh3,31,3
3041,qohrnpgq,31,2
3042,2p7qrgx0,31,4
3043,h8l7zp2b,31,2
3044,q5ogi4o7,31,2
3045,j7fx64k1,31,4
3046,bmppoptm,31,5
3047,vi6rth9o,31,4
3048,jsez2yrs,31,5
3049,f72hl6du,31,2
3050,pnareltx,31,2
3051,br2p09pg,31,4
3052,ggtxuulg,31,3
3053,9zmyojbu,31,4
3054,qdfrjvu1,31,4
3055,4uiyf3me,31,5
3056,i70ztypg,31,4
3057,d7iwkatn,31,3
3058,utmt5sva,31,4
3059,0bv4f0yt,31,5
3060,egy1d90x,31,2
3061,meftw32x,31,2
3062,lgutt1r9,31,1
3063,p9mbmfaq,31,3
3064,npf2sm2v,31,1
3065,3pnpaer4,31,1
3066,hhtym6gn,31,2
3067,m2k8lf7v,31,1
3068,a4bgut8h,31,3
3069,ze511t38,31,3
3070,mticfoic,31,2
3071,8dbenul1,31,3
3072,200ondzx,31,1
3073,tu3aa5iz,31,2
3074,1f65y7j6,31,1
3075,k2keaggr,31,1
3076,lm7r3o3n,31,3
3077,n4zvn77h,31,3
3078,0wx6yoo8,31,2
3079,odl5p8i4,31,3
3080,z6e7pmk8,31,1
3081,aq2y9pm0,31,1
3082,ekxq4l9a,31,3
3083,imjiwslh,31,3
3084,t091j5le,31,2
3085,h47cwv1s,31,2
3086,u1xa44nw,31,2
3087,1zisomq5,31,2
3088,l9jemtqm,31,1
3089,sxohecoi,31,2
3090,w7f4rkyv,31,2
3091,sxidmw7e,31,2
3092,my6frz5s,31,2
3093,hyg0464p,31,3
3094,f7ql6qjv,31,2
3095,a8y7eu1l,31,1
3096,li48ej86,31,3
3097,xlnxtvjf,31,3
3098,am5mbqbs,31,1
3099,80uhkmny,31,3
3100,4voov33i,32,3
3101,zizfgz7d,32,3
3102,kgvcu8nf,32,3
3103,lhl4xj3l,32,3
3104,60xkxdhe,32,3
3105,y7amwfrt,32,4
3106,mzn448zk,32,4
3107,cnxgsmvk,32,5
3108,blbaqbo7,32,2
3109,kje8lvgl,32,2
3110,k2vbgqk7,32,2
3111,5f4tybt9,32,3
3112,6gi3o5mu,32,5
3113,u86icqcc,32,4
3114,a3y1rfas,32,2
3115,n497clms,32,3
3116,05u4t67u,32,3
3117,9m3s1yd1,32,5
3118,jrz1yd72,32,5
3119,fztcd1ir,32,4
3120,eg0x4x6o,32,4
3121,30s14h9j,32,3
3122,7zd5zhbz,32,4
3123,bqount8a,32,5
3124,3wvfkg4c,32,3
3125,bhlxglyd,32,4
3126,b35wm2db,32,5
3127,vdzktqm1,32,4
3128,4vgnzvag,32,2
3129,vub3ij8f,32,2
3130,d7iwkatn,32,4
3131,3bozjfv7,32,2
3132,r2fkckdx,32,2
3133,isrb4y3p,32,4
3134,mvdtoplq,32,2
3135,3owcqt3d,32,2
3136,xteeybsj,32,5
3137,nmt221tu,32,2
3138,cu6nmjoj,32,4
3139,e1yzrc6n,32,5
3140,yy77veid,32,4
3141,h90315q5,32,3
3142,lvvwa9ah,32,3
3143,kjvzq2cn,32,3
3144,rb9xdzro,32,3
3145,6r25jl11,32,5
3146,wrru98zg,32,5
3147,ukcxh8qa,32,5
3148,2btyqh0l,32,2
3149,1kw5v6rm,32,2
3150,s50g754b,32,4
3151,nzxpo4sd,32,2
3152,pnareltx,32,2
3153,c4vpg8sw,32,3
3154,bxigtyao,32,3
3155,cz85adrw,32,2
3156,xbpko2bt,32,5
3157,ttyo4z6f,32,2
3158,942634t2,32,3
3159,k2keaggr,32,4
3160,xflo7uyv,32,1
3161,a6mw6mvr,32,1
3162,j4hvyyoi,32,3
3163,mig5zt5p,32,3
3164,qbya6uj3,32,1
3165,s7vczjic,32,3
3166,v8cgamy6,32,2
3167,zfpg6dgj,32,2
3168,plb25rev,32,2
3169,84hxim2n,32,1
3170,gto53u89,32,2
3171,dvw4ajtv,32,2
3172,ion97n4b,32,1
3173,5yn52cuh,32,1
3174,kbk9c5ck,32,3
3175,vvge4nus,32,1
3176,1tcpaigw,32,1
3177,n6b0r92e,32,2
3178,dbmfydyu,32,2
3179,1jzqzc7r,32,3
3180,78lnzpq9,32,3
3181,x6s34z1s,32,1
3182,lqqsxhfl,32,2
3183,vub3ij8f,32,3
3184,usz7pnvu,32,2
3185,c7f1l13s,32,2
3186,6obx49pr,32,2
3187,wlw8cty8,32,2
3188,p1yr4zqq,32,3
3189,gnz96tzj,32,1
3190,g9f6bdlp,32,1
3191,vhew1wwj,32,2
3192,9q7kyn2j,32,3
3193,fee4aqsy,32,2
3194,z5p3a64x,32,1
3195,6wu024ng,32,3
3196,09yxnwzy,32,3
3197,06glboqq,32,1
3198,ydu0l0st,32,3
3199,nn09hh29,32,3
3200,ee7lhyzr,33,2
3201,ob9cjpge,33,3
3202,gse1k0wh,33,3
3203,b2z4219t,33,4
3204,511h3qzt,33,5
3205,zowp10ts,33,5
3206,egy1d90x,33,4
3207,so8xl199,33,2
3208,ecgyz78q,33,2
3209,pnw5ytj4,33,5
3210,0fx1b7ph,33,5
3211,g8oirxwz,33,2
3212,y0nstfki,33,5
3213,cqx9pjzr,33,2
3214,sasijnks,33,2
3215,ml6mgyf3,33,5
3216,dgeisr8h,33,3
3217,dihuynju,33,5
3218,drace2u9,33,2
3219,uieedtv2,33,2
3220,vhvwxvwq,33,5
3221,mgmbdfhe,33,2
3222,8a873aw7,33,5
3223,7v59rutb,33,5
3224,8942b94u,33,5
3225,pr8za61l,33,2
3226,ulq1xqma,33,4
3227,u86icqcc,33,5
3228,l9tjubqe,33,5
3229,rb45gk2w,33,3
3230,e9vwsu7r,33,3
3231,cys40jvv,33,4
3232,6k41sqxy,33,2
3233,w6gtskt3,33,3
3234,kjvzq2cn,33,4
3235,rd0g5j55,33,4
3236,jpk854i3,33,3
3237,08ckv4r1,33,3
3238,gssdjsrx,33,4
3239,2btyqh0l,33,4
3240,rodqdtfj,33,5
3241,s50g754b,33,2
3242,t1anr8gd,33,4
3243,bbeznd3r,33,3
3244,qwr6nfi1,33,4
3245,1egushdn,33,4
3246,nzxpo4sd,33,3
3247,812uc4w7,33,5
3248,eflxldnr,33,3
3249,ey5xmb8a,33,4
3250,a3y1rfas,33,2
3251,x6s34z1s,33,5
3252,01wsevuu,33,4
3253,kxtdv6q9,33,4
3254,3ajyr5e4,33,5
3255,k5g8ebqg,33,2
3256,gnbpngef,33,3
3257,x4owsq6f,33,4
3258,y2knt8g0,33,4
3259,0q2ky9gd,33,2
3260,16syz1o7,33,2
3261,84hphtps,33,1
3262,d62iuk72,33,1
3263,fxjxrdfx,33,3
3264,upy19l3s,33,2
3265,t81g3oyq,33,2
3266,ouvqboeh,33,3
3267,0mn1gbll,33,1
3268,p9mbmfaq,33,2
3269,h8l7zp2b,33,1
3270,tdkvlbyz,33,1
3271,8u56an8b,33,2
3272,w5z0ib20,33,2
3273,l36f1gp7,33,2
3274,v5surcw0,33,2
3275,t8ula7e4,33,1
3276,u4ybz8ds,33,2
3277,pc4x5e24,33,3
3278,5ac8srk7,33,3
3279,01yc7lzk,33,2
3280,4vo7n6nh,33,3
3281,eflxldnr,33,1
3282,rlgzgyzn,33,1
3283,nro3cdm2,33,3
3284,3tt99oax,33,3
3285,nzh87aux,33,3
3286,vvspjage,33,2
3287,aghh3orn,33,3
3288,cgcf7mgj,33,3
3289,bz4rr6bh,33,3
3290,gpgl3nm3,33,3
3291,p6lj7c56,33,2
3292,t1anr8gd,33,2
3293,543aq9dx,33,1
3294,6eb2jgl7,33,2
3295,z69gstoh,33,3
3296,fo5naae7,33,2
3297,zj3w9ptj,33,3
3298,up8ii8vw,33,3
3299,tbn63qmr,33,1
3300,jvxv7y1b,34,4
3301,sklwt76a,34,4
3302,e52wuc0h,34,5
3303,6rddtogo,34,3
3304,jgxbpy4j,34,2
3305,rueg4gsj,34,2
3306,zwbc7nnn,34,5
3307,ez5gujkc,34,2
3308,w12kyzji,34,2
3309,26pbzbxz,34,3
3310,b8lbcwf1,34,3
3311,u8kmlcaw,34,2
3312,uyzp7ele,34,5
3313,85o1qwma,34,2
3314,8plv9q8b,34,4
3315,533xlisc,34,5
3316,4rqoenhr,34,3
3317,1dus0u4m,34,2
3318,yichfzya,34,5
3319,e0tcmzl2,34,3
3320,oa68zsj4,34,4
3321,14g33n7j,34,4
3322,asa4a7k4,34,3
3323,6f8vyziv,34,2
3324,m1cmkkw3,34,5
3325,d4zavkcn,34,3
3326,rh8fos6i,34,5
3327,emmwsv9p,34,2
3328,01id7jq6,34,2
3329,dj10dzmc,34,2
3330,9lw5q2s1,34,4
3331,048eszf8,34,5
3332,tkjkjd7w,34,2
3333,udbd5ip2,34,3
3334,jpk854i3,34,3
3335,6ek80l79,34,4
3336,gssdjsrx,34,5
3337,5hrydciz,34,4
3338,zq387qo8,34,2
3339,1fgz2fyr,34,5
3340,h90315q5,34,4
3341,pwz6rde0,34,5
3342,kjkuet78,34,5
3343,lvvwa9ah,34,3
3344,rd0g5j55,34,5
3345,nzxpo4sd,34,4
3346,mi6pp5w9,34,4
3347,h74ux547,34,2
3348,ta1i0ata,34,5
3349,p5ohjzhs,34,3
3350,bbeznd3r,34,5
3351,1zjrunzc,34,2
3352,bbvxu8op,34,4
3353,ody77u5n,34,4
3354,bxigtyao,34,2
3355,3ajyr5e4,34,4
3356,xbpko2bt,34,5
3357,y2knt8g0,34,4
3358,cz85adrw,34,3
3359,l565gha4,34,5
3360,mrvjd7pf,34,3
3361,bhtl73z9,34,2
3362,fmgnavfq,34,2
3363,tu3aa5iz,34,2
3364,mcdfcc8v,34,2
3365,e523mnz1,34,2
3366,ic937w26,34,2
3367,rb5vwolt,34,2
3368,n28gbo09,34,1
3369,dy21jno8,34,2
3370,1br7nhzt,34,3
3371,m8ktaq1w,34,1
3372,1e3pthel,34,1
3373,89u7de3i,34,1
3374,dugsh7mp,34,3
3375,rlbodumk,34,3
3376,qrnhp1ek,34,1
3377,mfvcjkh4,34,2
3378,u97oem9c,34,1
3379,v3548bfn,34,1
3380,stgri6y6,34,3
3381,33y74q1k,34,2
3382,pnttczur,34,1
3383,67rycbiy,34,1
3384,7cpxg1b4,34,2
3385,uuuzfyjm,34,1
3386,99hjjqjn,34,2
3387,7397ov43,34,1
3388,hvaie7ay,34,2
3389,7jnogabw,34,3
3390,pxzbirqd,34,1
3391,1njrh5n5,34,1
3392,vqoxd64i,34,3
3393,fqdv3ohv,34,1
3394,bbjmcdo5,34,2
3395,797781dl,34,3
3396,a334btay,34,2
3397,70dhlqoy,34,1
3398,6sb3ipab,34,1
3399,abml6wgd,34,1
3400,h0sqs7dc,35,4
3401,sluqq1px,35,4
3402,b8lbcwf1,35,5
3403,8u56an8b,35,3
3404,8c8skz2r,35,4
3405,0dpqgi1r,35,5
3406,aj8nxi3x,35,5
3407,5gwnyn8z,35,4
3408,dzu93rua,35,5
3409,o2zfilcl,35,4
3410,f6anradb,35,5
3411,i8zikevn,35,2
3412,hc9ssruz,35,3
3413,kvc2ux45,35,2
3414,797781dl,35,2
3415,6yu02snn,35,4
3416,l1jg9ltr,35,4
3417,uj96zdld,35,4
3418,gd656u2q,35,3
3419,gqx4ywr6,35,2
3420,m4sp9sjn,35,4
3421,200ondzx,35,4
3422,jvr1t6t2,35,4
3423,6a18qznx,35,5
3424,t6l692zu,35,3
3425,acfwtc7t,35,3
3426,l5ok3bvx,35,3
3427,ns9s4zyk,35,5
3428,gy472fk4,35,2
3429,qutbqcwb,35,5
3430,2seyiz3b,35,5
3431,79fp75u3,35,3
3432,ujgcsx3o,35,5
3433,0nyy7vjo,35,3
3434,mlkaowqr,35,4
3435,yuqybw9t,35,2
3436,mx4t6s6n,35,3
3437,9gftenfz,35,2
3438,utq5bn08,35,2
3439,imp7icud,35,3
3440,zmx4k46v,35,4
3441,0bwxcij3,35,5
3442,5e1xn7kj,35,5
3443,qav5okgk,35,2
3444,3z20ctdf,35,4
3445,5gglmx9d,35,2
3446,jeovutam,35,4
3447,3bozjfv7,35,3
3448,9lw5q2s1,35,5
3449,kcstk4vq,35,3
3450,4eh22ek7,35,2
3451,t579ysgl,35,2
3452,w6gtskt3,35,4
3453,7pbfxcmp,35,4
3454,udbd5ip2,35,5
3455,tmu3whli,35,2
3456,ody77u5n,35,3
3457,3ajyr5e4,35,2
3458,l565gha4,35,2
3459,c4vpg8sw,35,4
3460,tqln30vi,35,1
3461,uqr00nzd,35,1
3462,a6mw6mvr,35,3
3463,oq7pim3b,35,1
3464,d0hrsiu3,35,3
3465,gy138l9b,35,2
3466,j3h62pcu,35,1
3467,3l3kyypm,35,2
3468,1lg2203q,35,3
3469,kvc2ux45,35,3
3470,chdvsmsn,35,1
3471,3n05cb49,35,2
3472,w5qsr5no,35,1
3473,d3cko4j2,35,2
3474,forh7lw4,35,2
3475,tihc3ldd,35,1
3476,rh8fos6i,35,2
3477,8r1byao5,35,2
3478,vefs1h6o,35,3
3479,r09r1fv2,35,3
3480,dhmw6m7k,35,3
3481,7uy0g5t4,35,3
3482,edsn0m20,35,3
3483,iaceti4b,35,1
3484,96t8ws6q,35,1
3485,yoog0kft,35,1
3486,c8yzoen7,35,3
3487,1v353uij,35,3
3488,36dhfptw,35,2
3489,61qdmy15,35,1
3490,tr0gn3tm,35,3
3491,nj1ub77s,35,1
3492,n3t7on3s,35,1
3493,048eszf8,35,1
3494,9fyb6b6r,35,3
3495,65s65ojc,35,3
3496,z69gstoh,35,2
3497,jfbtjg83,35,3
3498,66kuahlb,35,1
3499,d7hetoq0,35,1
3500,v22k72tw,36,5
3501,79fp75u3,36,4
3502,zx6m2zgi,36,5
3503,gnnd0zmo,36,2
3504,davndlp8,36,3
3505,2zd9zaqx,36,4
3506,febjiiwn,36,3
3507,lm4rfabw,36,4
3508,y0m1utug,36,3
3509,8u56an8b,36,4
3510,mxdlszoq,36,4
3511,8ut2p9p6,36,2
3512,puj74k7y,36,2
3513,nro3cdm2,36,4
3514,bxbmcntf,36,3
3515,ppzc7vij,36,5
3516,dqoq5mpk,36,3
3517,l7s3raop,36,4
3518,xv15gvkt,36,5
3519,6gljrj8r,36,3
3520,vopbw1tl,36,5
3521,usvz287e,36,4
3522,d7hetoq0,36,4
3523,0yh5k6jk,36,3
3524,226ne81d,36,2
3525,vclnb0eh,36,5
3526,uvxqz41k,36,5
3527,svnqfi51,36,5
3528,3z20ctdf,36,4
3529,ti2fr0uh,36,2
3530,kc1xl0sg,36,2
3531,jbain7n6,36,4
3532,v5surcw0,36,2
3533,sk9lud0o,36,5
3534,9khx93c0,36,2
3535,sctfgzdo,36,3
3536,rf7kpyo4,36,2
3537,mtk3qxue,36,3
3538,qvjw4gt9,36,4
3539,mgj9zfft,36,3
3540,ul8wjrmy,36,5
3541,2fd5op27,36,2
3542,18aq44dx,36,2
3543,prrfm4cm,36,2
3544,u4ybz8ds,36,3
3545,13v4qvhg,36,4
3546,k8wo636m,36,5
3547,uz8af9lj,36,4
3548,wrru98zg,36,2
3549,xu94pe3d,36,3
3550,vg42z900,36,4
3551,od3o9s04,36,4
3552,gc84k214,36,3
3553,2seyiz3b,36,5
3554,gvzs9vxr,36,5
3555,oqte7dx2,36,5
3556,s50g754b,36,2
3557,8s4bsnlw,36,3
3558,r0zcq2bo,36,4
3559,t6l692zu,36,3
3560,m2k8lf7v,36,3
3561,xd3zxx0c,36,3
3562,jsez2yrs,36,3
3563,we9syxsq,36,1
3564,0avsdbnb,36,2
3565,5hwqdnx1,36,3
3566,xu9llz9u,36,2
3567,apy4zf3h,36,1
3568,mssupfa9,36,1
3569,l2rvdjnl,36,3
3570,99bmn9oo,36,3
3571,vyci1ho3,36,2
3572,1jogs44p,36,3
3573,md293k0m,36,3
3574,7t1o19kn,36,2
3575,2jxrnngg,36,3
3576,1ow9adcf,36,2
3577,rleyeuvp,36,2
3578,mgmbdfhe,36,2
3579,299oohbp,36,1
3580,qutbqcwb,36,2
3581,9zxftrgc,36,2
3582,2rtk9ppu,36,1
3583,thygu6at,36,3
3584,cmcs3chd,36,1
3585,sybnnma7,36,2
3586,90f9vr0a,36,3
3587,4mhh29l0,36,2
3588,wk9oxl4n,36,3
3589,9zmyojbu,36,1
3590,ykisq8nz,36,3
3591,gyetna96,36,3
3592,5idvp8ar,36,1
3593,9egy68c0,36,3
3594,e7b1guwq,36,2
3595,uk7eisr6,36,1
3596,x2krb0pq,36,1
3597,n25wnmq5,36,1
3598,cxr1ul7q,36,2
3599,c7f1l13s,36,1
3600,gd656u2q,37,3
3601,d22fs0fx,37,3
3602,yygb25wm,37,3
3603,dih1nj0r,37,5
3604,yrbo0hdk,37,5
3605,s4t2eju3,37,5
3606,mf84i84a,37,5
3607,nf27fe01,37,3
3608,snfsaont,37,5
3609,5yhe786e,37,5
3610,qlwzl5mq,37,5
3611,s7ec6f9i,37,2
3612,yy5gq0ki,37,5
3613,ky1b1yhv,37,5
3614,qwnb9x57,37,2
3615,l36f1gp7,37,3
3616,hr3qj5ii,37,3
3617,vzm3wbyz,37,4
3618,l3brhmzq,37,2
3619,gtv9syzi,37,4
3620,uj96zdld,37,4
3621,7jnogabw,37,5
3622,mjkixqhs,37,2
3623,gaemgm0t,37,4
3624,p6bktqvh,37,4
3625,sklwt76a,37,4
3626,3rg79fte,37,3
3627,lbhghilo,37,3
3628,pznpngmv,37,2
3629,nxqer3m7,37,4
3630,zudnu71a,37,5
3631,0jj9svwj,37,3
3632,6ogoktah,37,5
3633,ly4f42mg,37,3
3634,3ajyr5e4,37,5
3635,fztcd1ir,37,4
3636,pjv3wy80,37,3
3637,isw6jeir,37,2
3638,jirkkkvy,37,2
3639,z9nh6yjj,37,3
3640,kkh4gvp0,37,5
3641,1zf38rzc,37,2
3642,h3btnnux,37,3
3643,zl4abcn0,37,2
3644,wnuqe66q,37,5
3645,9m9mqicn,37,5
3646,n5i3ecy2,37,5
3647,wmmbkmrg,37,5
3648,qav5okgk,37,4
3649,5gglmx9d,37,4
3650,dognow0r,37,4
3651,wi7qdbc7,37,5
3652,zec9pnet,37,4
3653,m2fsrwvw,37,3
3654,fa7s7xj5,37,5
3655,ody77u5n,37,4
3656,pnareltx,37,2
3657,ttyo4z6f,37,2
3658,942634t2,37,2
3659,t0ij21io,37,2
3660,z5klydpi,37,3
3661,srh1lwsl,37,3
3662,qqy1xgta,37,1
3663,xy8wbmzf,37,2
3664,b66bb2ri,37,1
3665,upy19l3s,37,1
3666,uz9jlrgq,37,2
3667,2nb26vqx,37,1
3668,rm7nsyjd,37,3
3669,ofsjs3nn,37,2
3670,24o2viv3,37,2
3671,n28gbo09,37,3
3672,ckl40b6c,37,3
3673,meftw32x,37,3
3674,duwfxeyt,37,1
3675,7e8px4vx,37,3
3676,4eh22ek7,37,2
3677,87zt7lew,37,3
3678,imp7icud,37,3
3679,3aa8wgr0,37,2
3680,dmht4cdo,37,1
3681,g6nvhdmv,37,3
3682,wx65qedj,37,1
3683,0bkskibk,37,3
3684,fn929z9y,37,1
3685,o2zfilcl,37,3
3686,rybpiuru,37,3
3687,28u3c7u5,37,2
3688,pkps5j8w,37,1
3689,7c37elh6,37,3
3690,g5sum116,37,1
3691,z9kk5xd4,37,1
3692,dr1c9ttb,37,1
3693,8c8skz2r,37,3
3694,r1wkx0ml,37,3
3695,zn7tm1ww,37,3
3696,t1ma6njp,37,3
3697,xs3d7dqh,37,1
3698,sybnnma7,37,1
3699,leiuve0f,37,3
3700,qg2r691d,38,2
3701,yxne28f0,38,3
3702,xepz9b9e,38,2
3703,bqount8a,38,5
3704,xc1ruvsz,38,3
3705,q3ain42d,38,2
3706,xva1qkrd,38,2
3707,7kwlteyr,38,3
3708,v0y1g8uc,38,5
3709,mzcvilbw,38,3
3710,oyz36v2b,38,4
3711,094d0rn6,38,4
3712,1r1ueuk2,38,3
3713,n3o8lwu4,38,5
3714,u61mcemm,38,3
3715,88wo4xen,38,4
3716,tj1h127q,38,4
3717,kc5olmvo,38,4
3718,qcbw8zkc,38,4
3719,9zk7t1un,38,3
3720,25ozbrkp,38,5
3721,hf3nytb2,38,2
3722,yyfgl9x5,38,5
3723,mhw7cqwp,38,5
3724,pci4rhkn,38,4
3725,8t0jvrts,38,5
3726,3jwu4pf2,38,3
3727,q5s79p6n,38,2
3728,lwt5nmf2,38,4
3729,3ttro2mq,38,3
3730,qwr03j43,38,5
3731,qcpcr7uv,38,5
3732,o80duxhs,38,2
3733,ewx5xhrb,38,2
3734,vefs1h6o,38,4
3735,cav9n18w,38,4
3736,or5nbobd,38,2
3737,ugpc7fow,38,5
3738,mae0rxi2,38,4
3739,emnln2ix,38,2
3740,880nqc0f,38,5
3741,xguvylqk,38,2
3742,jog647q3,38,2
3743,slxdonqi,38,4
3744,7c37elh6,38,5
3745,3qb1ym4w,38,5
3746,legakasx,38,5
3747,liianz7o,38,3
3748,drhl264f,38,4
3749,zwfxnd7r,38,4
3750,czhgc1v2,38,3
3751,twxb80vs,38,5
3752,0yh5k6jk,38,2
3753,cont592g,38,3
3754,e9vwsu7r,38,3
3755,am24dpy4,38,3
3756,lk2ny1wd,38,2
3757,tz28lzi2,38,2
3758,gy2b7of9,38,3
3759,3vm4tybd,38,3
3760,dqqcajjd,38,2
3761,mcr12mwb,38,2
3762,gzjnb6yg,38,3
3763,m2fsrwvw,38,1
3764,73ic8yg6,38,3
3765,25v5mr3c,38,1
3766,jlb0hwrg,38,1
3767,3gwbc7z9,38,1
3768,53115c1c,38,3
3769,6it6pukx,38,1
3770,1t0mklwi,38,3
3771,xstc0n8t,38,3
3772,e5al0zdk,38,3
3773,vqid0szp,38,2
3774,v4r5d26a,38,1
3775,lvlbwcl0,38,2
3776,jkit3c8f,38,3
3777,0ic7twhy,38,3
3778,3ttro2mq,38,2
3779,bpnfupzv,38,1
3780,942634t2,38,3
3781,2b2h1xog,38,2
3782,tz28lzi2,38,1
3783,uqr00nzd,38,1
3784,1ey6ie95,38,3
3785,1jmhvclq,38,1
3786,ikq38rm1,38,3
3787,36gbl7tu,38,3
3788,psaf2vls,38,1
3789,soi3bn6y,38,2
3790,ueglfhux,38,1
3791,ajlctjeb,38,3
3792,58odj9gi,38,2
3793,5u1u3xoy,38,2
3794,ul8wjrmy,38,3
3795,7rzkxc61,38,3
3796,epz7fvnx,38,1
3797,qhtj1pef,38,2
3798,er3kkn9m,38,3
3799,d08buwtu,38,2
3800,jkit3c8f,39,3
3801,abnj3iit,39,3
3802,a1t74jsm,39,5
3803,bdw5ke4i,39,2
3804,5op0yss9,39,5
3805,osv673g3,39,3
3806,dc63kane,39,5
3807,kdws9vn2,39,2
3808,t35n7bk9,39,4
3809,g72rpssy,39,2
3810,505i9na8,39,5
3811,7vfo98ho,39,2
3812,62a1d6vw,39,2
3813,4792h5gj,39,4
3814,ftxq9g7h,39,2
3815,0tqwjdhd,39,4
3816,kfkumsux,39,5
3817,69gftii4,39,3
3818,mpfmam46,39,2
3819,vzm3wbyz,39,2
3820,xy8wbmzf,39,5
3821,qocuprwb,39,4
3822,3l3kyypm,39,3
3823,av0wlbua,39,2
3824,z9l34c04,39,3
3825,4eyn7pjq,39,4
3826,ol8di8h7,39,5
3827,s3zfz24h,39,3
3828,5bjkn2j2,39,5
3829,ebx603bn,39,3
3830,048eszf8,39,2
3831,oz823tw4,39,2
3832,y6di4ver,39,3
3833,o80duxhs,39,3
3834,ee7lhyzr,39,5
3835,h2e6h076,39,3
3836,psaf2vls,39,3
3837,7jnogabw,39,2
3838,ewx5xhrb,39,5
3839,bqount8a,39,2
3840,njlqgih3,39,2
3841,l600aeuo,39,5
3842,09yxnwzy,39,4
3843,yt9cldeb,39,4
3844,wuu713l2,39,5
3845,okhsvylc,39,2
3846,ko95x6l7,39,3
3847,l7s3raop,39,4
3848,2qi4aibx,39,3
3849,v3w1wi5c,39,2
3850,jcvrqeew,39,3
3851,d4fymkg9,39,5
3852,vefs1h6o,39,2
3853,7eflwyxk,39,5
3854,gefoauz5,39,2
3855,cav9n18w,39,5
3856,t8diuos7,39,3
3857,82573enr,39,4
3858,or5nbobd,39,4
3859,3t8g1xeg,39,5
3860,06glboqq,39,1
3861,2ssrs0mw,39,2
3862,nhb4o6ty,39,1
3863,bn7h0kcw,39,1
3864,xsh5bwcx,39,3
3865,36dhfptw,39,2
3866,41xgifg8,39,3
3867,81znlofa,39,2
3868,d8p7mgqt,39,2
3869,c7cmo49k,39,3
3870,eol5w8ar,39,1
3871,zoud7w1y,39,1
3872,bbtslrrt,39,2
3873,rzi6omdy,39,1
3874,73mqgofa,39,3
3875,nge1itgk,39,2
3876,rn3bjc9d,39,2
3877,g33pla7t,39,2
3878,ssp499fe,39,3
3879,3gz4dyie,39,1
3880,ebcj0hw1,39,2
3881,uo185173,39,2
3882,azvscejw,39,1
3883,9g8rwsm1,39,3
3884,de5or4mc,39,2
3885,ujquw0g8,39,1
3886,0sxl6f1r,39,2
3887,bom9fk1y,39,2
3888,w6vali80,39,3
3889,6qpsdc3d,39,2
3890,gdc2e40t,39,3
3891,zgapjjjw,39,2
3892,28u3c7u5,39,1
3893,s74p51m3,39,3
3894,rueg4gsj,39,3
3895,eu4vlfui,39,2
3896,1qbklvqy,39,1
3897,h6lhj2gl,39,3
3898,1yfrjsek,39,2
3899,4tlh8afv,39,2
3900,69tz7sph,40,5
3901,9eeyegvt,40,3
3902,t0ma3duq,40,3
3903,xroo7z7g,40,5
3904,qkwo747o,40,2
3905,1diftm9p,40,2
3906,7hoiaze2,40,5
3907,rpoh23cx,40,2
3908,97dsp9d0,40,5
3909,6di406lb,40,5
3910,h47cwv1s,40,4
3911,chdvsmsn,40,4
3912,di0fcy0j,40,3
3913,fxptfxzl,40,3
3914,8p06bpt1,40,5
3915,j0p7kwh6,40,4
3916,oeop3pzo,40,4
3917,qyd6qyjf,40,4
3918,e8idkshm,40,3
3919,k8jzzqj0,40,4
3920,yxr9035o,40,2
3921,wlw8cty8,40,5
3922,l7eq3oeb,40,5
3923,tihc3ldd,40,2
3924,511h3qzt,40,2
3925,sxidmw7e,40,4
3926,6elmzcfl,40,4
3927,sq5iod1w,40,2
3928,5j496cx0,40,5
3929,lh2vanro,40,5
3930,d86hnox1,40,5
3931,ljjzf4xg,40,4
3932,jsez2yrs,40,2
3933,3bpcf28i,40,3
3934,x418k36z,40,5
3935,utmt5sva,40,2
3936,fk9ww8tm,40,5
3937,ttyo4z6f,40,2
3938,1egushdn,40,2
3939,g0ke3xh1,40,4
3940,h6vm2nb0,40,4
3941,r938lfrr,40,4
3942,v39rtc3p,40,4
3943,y4rwvh1e,40,2
3944,y1ca2vt0,40,2
3945,cxxk09t2,40,3
3946,ge5iri3v,40,4
3947,00rk8fb5,40,2
3948,u87eaaj8,40,4
3949,x7f9927x,40,4
3950,ppzxvykb,40,4
3951,w52dc97h,40,3
3952,aclzp3iy,40,4
3953,rrezynbs,40,5
3954,0mncitnr,40,2
3955,dxbrk9kd,40,2
3956,pwtouv76,40,3
3957,yxne28f0,40,3
3958,6u80p5sj,40,5
3959,l2rvdjnl,40,2
3960,mcdfcc8v,40,2
3961,08bzo2co,40,1
3962,i70ztypg,40,3
3963,6rujx4vs,40,2
3964,ow5wt781,40,3
3965,6p0knj62,40,1
3966,ej0e1c4d,40,3
3967,1fhja82a,40,2
3968,fsxcw36r,40,1
3969,huz0tpmi,40,2
3970,dc51rffo,40,1
3971,bdcjw336,40,1
3972,h6uwhjzl,40,1
3973,forh7lw4,40,1
3974,1n0rg5vd,40,1
3975,8cn5ewtz,40,1
3976,mwcm2gzc,40,2
3977,kwa16zoy,40,3
3978,ocp6yodg,40,1
3979,upwe0cpj,40,3
3980,blbaqbo7,40,1
3981,3e47xe27,40,2
3982,tgl2tg0c,40,2
3983,7uy98rfk,40,1
3984,clio7417,40,2
3985,asghqx6q,40,2
3986,8lxzriei,40,1
3987,jrnm113q,40,1
3988,2seyiz3b,40,2
3989,nmi39n6h,40,1
3990,hx4pznuj,40,1
3991,01yc7lzk,40,1
3992,abs3tc3r,40,3
3993,vueo83vk,40,3
3994,qbldmef1,40,3
3995,82m3w06s,40,1
3996,84hxim2n,40,2
3997,m99amd4y,40,3
3998,90x177bv,40,1
3999,g6hs3ud5,40,3
